insert into app.metadata_providers (
    id, name, type, base_url, enabled, priority
)
select '00000000-0000-4000-8000-000000000101', 'TMDB', 'tmdb', 'https://api.themoviedb.org/3', true, 100
where not exists (select 1 from app.metadata_providers where type = 'tmdb');

insert into app.metadata_providers (
    id, name, type, base_url, enabled, priority
)
select '00000000-0000-4000-8000-000000000102', 'TVDB', 'tvdb', 'https://api4.thetvdb.com/v4', true, 110
where not exists (select 1 from app.metadata_providers where type = 'tvdb');

insert into app.quality_size_settings (
    quality_id,
    minimum_size_mb_per_minute,
    preferred_size_mb_per_minute,
    maximum_size_mb_per_minute
)
values
    ('unknown', 0, 45, 180),
    ('workprint', 0, 18, 60),
    ('cam', 0, 8, 25),
    ('telesync', 0, 10, 35),
    ('telecine', 4, 14, 45),
    ('regional', 6, 18, 55),
    ('dvdscr', 5, 16, 50),
    ('sdtv', 4, 10, 22),
    ('dvd', 6, 14, 30),
    ('dvd-r', 10, 22, 45),
    ('webdl-480p', 6, 14, 28),
    ('webrip-480p', 5, 12, 26),
    ('bluray-480p', 8, 18, 36),
    ('bluray-576p', 10, 22, 44),
    ('hdtv-720p', 10, 22, 42),
    ('webdl-720p', 13, 28, 54),
    ('webrip-720p', 12, 26, 50),
    ('bluray-720p', 18, 38, 72),
    ('hdtv-1080p', 18, 38, 72),
    ('webdl-1080p', 24, 52, 96),
    ('webrip-1080p', 22, 48, 90),
    ('bluray-1080p', 36, 75, 135),
    ('remux-1080p', 85, 150, 260),
    ('hdtv-2160p', 60, 130, 260),
    ('webdl-2160p', 75, 160, 320),
    ('webrip-2160p', 70, 150, 300),
    ('bluray-2160p', 110, 230, 420),
    ('remux-2160p', 170, 330, 620),
    ('br-disk', 200, 400, 760),
    ('raw-hd', 220, 450, 850)
on conflict (quality_id) do nothing;

insert into app.media_profiles (
    id,
    name,
    is_default,
    final_container,
    upgrades_allowed,
    upgrade_until_quality_id,
    minimum_custom_format_score,
    upgrade_until_custom_format_score,
    minimum_custom_format_score_increment,
    audio_lossy_transcode_policy,
    remove_unwanted_audio,
    remove_unwanted_subtitles,
    subtitle_mode,
    allow_subtitle_release_fallback,
    preferred_protocol,
    series_pack_preference
)
values
    ('any', 'Any acceptable release', false, 'mkv', true, 'raw-hd', 0, 0, 1, 'disabled', false, false, 'mixed', false, 'any', 'auto'),
    ('hd-1080p', 'HD 1080p', true, 'mkv', true, 'bluray-1080p', 0, 10000, 1, 'losslessToLossy', false, false, 'mixed', false, 'any', 'auto'),
    ('uhd-4k', 'UHD 4K', false, 'mkv', true, 'remux-2160p', 0, 10000, 1, 'losslessToLossy', false, false, 'mixed', false, 'any', 'auto'),
    ('anime-1080p', 'Anime 1080p', false, 'mkv', true, 'bluray-1080p', 0, 10000, 1, 'losslessToLossy', false, false, 'mixed', true, 'any', 'auto')
on conflict (id) do nothing;

insert into app.media_profile_video_targets (
    profile_id,
    codecs,
    codec_score,
    hdr_formats,
    hdr_score,
    pixel_formats,
    pixel_format_score
)
values
    ('any', '{}', 0, '{}', 0, '{}', 0),
    ('hd-1080p', array['h264', 'hevc'], 100, array['sdr'], 25, array['yuv420p', 'yuv420p10le'], 25),
    ('uhd-4k', array['hevc', 'av1'], 100, array['hdr10', 'hdr10plus', 'dolby-vision'], 75, array['yuv420p10le'], 25),
    ('anime-1080p', array['h264', 'hevc'], 75, array['sdr'], 10, array['yuv420p10le'], 50)
on conflict (profile_id) do nothing;

insert into app.media_profile_audio_targets (
    profile_id,
    language_id,
    score,
    target_codec,
    target_channels,
    minimum_bitrate_kbps,
    preferred_bitrate_kbps,
    sort_order
)
values
    ('any', 'english', 0, null, '{}', null, null, 0),
    ('hd-1080p', 'english', 25, 'aac', array['2.0', '5.1'], 192, 640, 0),
    ('uhd-4k', 'english', 50, 'eac3', array['5.1', '7.1', 'atmos'], 640, 1536, 0),
    ('anime-1080p', 'japanese', 50, 'aac', array['2.0'], 160, 256, 0),
    ('anime-1080p', 'english', 25, 'aac', array['2.0'], 160, 256, 1)
on conflict (profile_id, language_id) do nothing;

insert into app.media_profile_subtitle_targets (profile_id, language_id, score, formats, sort_order)
values
    ('hd-1080p', 'english', 0, array['srt'], 0),
    ('uhd-4k', 'english', 0, array['srt'], 0),
    ('anime-1080p', 'english', 25, array['ass', 'srt'], 0)
on conflict (profile_id, language_id) do nothing;

insert into app.media_profile_qualities (profile_id, quality_id, sort_order)
values
    ('any', 'unknown', 1),
    ('any', 'workprint', 2),
    ('any', 'cam', 3),
    ('any', 'telesync', 4),
    ('any', 'telecine', 5),
    ('any', 'regional', 6),
    ('any', 'dvdscr', 7),
    ('any', 'sdtv', 8),
    ('any', 'dvd', 9),
    ('any', 'dvd-r', 10),
    ('any', 'webdl-480p', 11),
    ('any', 'webrip-480p', 11),
    ('any', 'bluray-480p', 12),
    ('any', 'bluray-576p', 13),
    ('any', 'hdtv-720p', 14),
    ('any', 'webdl-720p', 15),
    ('any', 'webrip-720p', 15),
    ('any', 'bluray-720p', 16),
    ('any', 'hdtv-1080p', 17),
    ('any', 'webdl-1080p', 18),
    ('any', 'webrip-1080p', 18),
    ('any', 'bluray-1080p', 19),
    ('any', 'remux-1080p', 20),
    ('any', 'hdtv-2160p', 21),
    ('any', 'webdl-2160p', 22),
    ('any', 'webrip-2160p', 22),
    ('any', 'bluray-2160p', 23),
    ('any', 'remux-2160p', 24),
    ('any', 'br-disk', 25),
    ('any', 'raw-hd', 26),
    ('hd-1080p', 'hdtv-720p', 14),
    ('hd-1080p', 'webdl-720p', 15),
    ('hd-1080p', 'webrip-720p', 15),
    ('hd-1080p', 'bluray-720p', 16),
    ('hd-1080p', 'hdtv-1080p', 17),
    ('hd-1080p', 'webdl-1080p', 18),
    ('hd-1080p', 'webrip-1080p', 18),
    ('hd-1080p', 'bluray-1080p', 19),
    ('uhd-4k', 'webdl-1080p', 18),
    ('uhd-4k', 'webrip-1080p', 18),
    ('uhd-4k', 'bluray-1080p', 19),
    ('uhd-4k', 'remux-1080p', 20),
    ('uhd-4k', 'hdtv-2160p', 21),
    ('uhd-4k', 'webdl-2160p', 22),
    ('uhd-4k', 'webrip-2160p', 22),
    ('uhd-4k', 'bluray-2160p', 23),
    ('uhd-4k', 'remux-2160p', 24),
    ('anime-1080p', 'webdl-720p', 15),
    ('anime-1080p', 'webrip-720p', 15),
    ('anime-1080p', 'bluray-720p', 16),
    ('anime-1080p', 'webdl-1080p', 18),
    ('anime-1080p', 'webrip-1080p', 18),
    ('anime-1080p', 'bluray-1080p', 19)
on conflict (profile_id, quality_id) do nothing;

insert into app.file_naming_settings (
    id,
    movie_file_format,
    movie_folder_format,
    series_episode_format,
    daily_episode_format,
    anime_episode_format,
    series_folder_format,
    season_folder_format,
    specials_folder_format
)
values (
    1,
    '{movie_title} ({release_year}) {quality_full}',
    '{movie_title} ({release_year})',
    '{series_title} - S{season:00}E{episode:00} - {episode_title} {quality_full}',
    '{series_title} - {air_date} - {episode_title} {quality_full}',
    '{series_title} - S{season:00}E{episode:00} - {episode_title} {quality_full}',
    '{series_title} ({release_year})',
    'Season {season}',
    'Specials'
)
on conflict do nothing;

insert into app.custom_formats (id, name, include_specs, exclude_specs)
values
    ('b124be9b146540f8e62f98fe32e49a2a', '1.0 Mono', '[{"id":"mono-0","name":"Mono","type":"releaseTitle","value":"[^0-9]1[ .]0\\b|\\bMono\\b|\\[PCM \\]","required":true}]'::jsonb, '[{"id":"not-3-0ch-1","name":"Not 3.0ch","type":"releaseTitle","value":"[^0-9]3[ .]0\\b","required":true},{"id":"not-4-0ch-2","name":"Not 4.0ch","type":"releaseTitle","value":"[^0-9]4[ .]0\\b","required":true},{"id":"not-high-channel-count-3","name":"Not High Channel Count","type":"releaseTitle","value":"[^0-9][5-9][ .][0-1]\\b","required":true}]'::jsonb),
    ('820b09bb9acbfde9c35c71e0e565dad8', '1080p', '[{"id":"1080p-0","name":"1080p","type":"resolution","value":"1080","required":true}]'::jsonb, '[]'::jsonb),
    ('a5d148168c4506b55cf53984107c396e', '10bit', '[{"id":"10bit-0","name":"10bit","type":"releaseTitle","value":"10[.-]?bit","required":false},{"id":"hi10p-1","name":"hi10p","type":"releaseTitle","value":"hi10p","required":false}]'::jsonb, '[]'::jsonb),
    ('9681750c690210f0936faed781bb7f06', '126811', '[{"id":"126811-0","name":"126811","type":"releaseGroup","value":"^(126811)$","required":true}]'::jsonb, '[]'::jsonb),
    ('fb392fb0d61a010ae38e49ceaa24a1ef', '2160p', '[{"id":"2160p-0","name":"2160p","type":"resolution","value":"2160","required":true}]'::jsonb, '[]'::jsonb),
    ('205125755c411c3b8622ca3175d27b37', '3.0 Sound', '[{"id":"3-0ch-0","name":"3.0ch","type":"releaseTitle","value":"[^0-9]3[ .]0\\b","required":true}]'::jsonb, '[{"id":"not-mono-1","name":"Not Mono","type":"releaseTitle","value":"[^0-9]1[ .]0\\b|\\bMono\\b|\\[PCM \\]","required":true},{"id":"not-stereo-2","name":"Not Stereo","type":"releaseTitle","value":"(?<!repac)[^0-9]2[ .]0\\b|\\bStereo\\b","required":true},{"id":"not-4-0ch-3","name":"Not 4.0ch","type":"releaseTitle","value":"[^0-9]4[ .]0\\b","required":true},{"id":"not-high-channel-count-4","name":"Not High Channel Count","type":"releaseTitle","value":"[^0-9][5-9][ .][0-1]\\b","required":true}]'::jsonb),
    ('b8cd450cbfa689c0259a01d9e29ba3d6', '3D', '[{"id":"3d-0","name":"3D","type":"releaseTitle","value":"(?<=\\b[12]\\d{3}\\b).*\\b(3d|sbs|half[ .-]ou|half[ .-]sbs)\\b","required":false},{"id":"bluray3d-1","name":"BluRay3D","type":"releaseTitle","value":"\\b(BluRay3D)\\b","required":false},{"id":"bd3d-2","name":"BD3D","type":"releaseTitle","value":"\\b(BD3D)\\b","required":false}]'::jsonb, '[]'::jsonb),
    ('373b58bd188fc00c817bd8c7470ea285', '4.0 Sound', '[{"id":"4-0ch-0","name":"4.0ch","type":"releaseTitle","value":"[^0-9]4[ .]0\\b","required":true}]'::jsonb, '[{"id":"not-mono-1","name":"Not Mono","type":"releaseTitle","value":"[^0-9]1[ .]0\\b|\\bMono\\b|\\[PCM \\]","required":true},{"id":"not-stereo-2","name":"Not Stereo","type":"releaseTitle","value":"(?<!repac)[^0-9]2[ .]0\\b|\\bStereo\\b","required":true},{"id":"not-3-0ch-3","name":"Not 3.0ch","type":"releaseTitle","value":"[^0-9]3[ .]0\\b","required":true},{"id":"not-high-channel-count-4","name":"Not High Channel Count","type":"releaseTitle","value":"[^0-9][5-9][ .][0-1]\\b","required":true}]'::jsonb),
    ('eca37840c13c6ef2dd0262b141a5482f', '4K Remaster', '[{"id":"remaster-0","name":"Remaster","type":"releaseTitle","value":"Remaster","required":true},{"id":"4k-1","name":"4K","type":"releaseTitle","value":"4k","required":true}]'::jsonb, '[{"id":"not-4k-resolution-2","name":"Not 4K Resolution","type":"resolution","value":"2160","required":true}]'::jsonb),
    ('bbcaf03147de0f73be2be4a9078dfa03', '4OD', '[{"id":"4od-0","name":"4OD","type":"releaseTitle","value":"\\b(4OD)\\b","required":true},{"id":"webdl-1","name":"WEBDL","type":"source","value":"WEBDL","required":false},{"id":"webrip-2","name":"WEBRIP","type":"source","value":"WEBRIP","required":false}]'::jsonb, '[]'::jsonb),
    ('77ff61788dfe1097194fd8743d7b4524', '5.1 Surround', '[{"id":"5-1-surround-0","name":"5.1 Surround","type":"releaseTitle","value":"[^0-9]5[ .][0-1]\\b","required":true}]'::jsonb, '[{"id":"not-6-1-surround-1","name":"Not 6.1 Surround","type":"releaseTitle","value":"[^0-9]6[ .][0-1]\\b","required":true},{"id":"not-7-1-surround-2","name":"Not 7.1 Surround","type":"releaseTitle","value":"[^0-9][7-8][ .][0-1]\\b","required":true}]'::jsonb),
    ('6fd7b090c3f7317502ab3b63cc7f51e3', '6.1 Surround', '[{"id":"6-1-surround-0","name":"6.1 Surround","type":"releaseTitle","value":"[^0-9]6[ .][0-1]\\b","required":true}]'::jsonb, '[{"id":"not-7-1-surround-1","name":"Not 7.1 Surround","type":"releaseTitle","value":"[^0-9][7-8][ .][0-1]\\b","required":true}]'::jsonb),
    ('b2be17d608fc88818940cd1833b0b24c', '720p', '[{"id":"720p-0","name":"720p","type":"resolution","value":"720","required":true}]'::jsonb, '[]'::jsonb),
    ('240770601cc226190c367ef59aba7463', 'AAC', '[{"id":"aac-0","name":"AAC","type":"releaseTitle","value":"\\bAAC(\\b|\\d)","required":true}]'::jsonb, '[{"id":"not-dts-1","name":"Not DTS","type":"releaseTitle","value":"\\bDTS(\\b|\\d)","required":true},{"id":"not-dolby-digital-plus-2","name":"Not Dolby Digital Plus ","type":"releaseTitle","value":"\\bDD[P+]|\\b(e[-_. ]?ac-?3)\\b","required":true},{"id":"not-basic-dolby-digital-3","name":"Not Basic Dolby Digital","type":"releaseTitle","value":"\\bDD[^a-z+]|(?<!e-)\\b(ac-?3)\\b","required":true},{"id":"not-pcm-4","name":"Not PCM","type":"releaseTitle","value":"\\b(l?)PCM(\\b|\\d)","required":true},{"id":"not-flac-5","name":"Not FLAC","type":"releaseTitle","value":"\\bFLAC(\\b|\\d)","required":true},{"id":"not-truehd-atmos-6","name":"Not TrueHD/ATMOS","type":"releaseTitle","value":"True[ .-]?HD|\\bATMOS(\\b|\\d)","required":true}]'::jsonb),
    ('a370d974bc7b80374de1d9ba7519760b', 'ABEMA', '[{"id":"abema-0","name":"ABEMA","type":"releaseTitle","value":"\\b(ABEMA[ ._-]?(TV)?)\\b","required":true},{"id":"webdl-1","name":"WEBDL","type":"source","value":"WEBDL","required":false},{"id":"webrip-2","name":"WEBRIP","type":"source","value":"WEBRIP","required":false},{"id":"web-3","name":"WEB","type":"source","value":"TELEVISION","required":false}]'::jsonb, '[]'::jsonb),
    ('d54cd2bf1326287275b56bccedb72ee2', 'ADN', '[{"id":"webdl-0","name":"WEBDL","type":"source","value":"WEBDL","required":false},{"id":"webrip-1","name":"WEBRIP","type":"source","value":"WEBRIP","required":false},{"id":"web-2","name":"WEB","type":"source","value":"TELEVISION","required":false},{"id":"adn-3","name":"ADN","type":"releaseTitle","value":"\\b(ADN)\\b","required":true}]'::jsonb, '[]'::jsonb),
    ('fcc09418f67ccaddcf3b641a22c5cfd7', 'ALL4', '[{"id":"all4-0","name":"ALL4","type":"releaseTitle","value":"\\b(ALL4)\\b","required":true},{"id":"webdl-1","name":"WEBDL","type":"source","value":"WEBDL","required":false},{"id":"webrip-2","name":"WEBRIP","type":"source","value":"WEBRIP","required":false}]'::jsonb, '[]'::jsonb),
    ('b3b3a6ac74ecbd56bcdbefa4799fb9df', 'AMZN', '[{"id":"amazon-0","name":"Amazon","type":"releaseTitle","value":"\\b(amzn|amazon(hd)?)\\b","required":true},{"id":"webdl-1","name":"WEBDL","type":"source","value":"WEBDL","required":false},{"id":"webrip-2","name":"WEBRIP","type":"source","value":"WEBRIP","required":false}]'::jsonb, '[]'::jsonb),
    ('4a3b087eea2ce012fcc1ce319259a3be', 'Anime Dual Audio', '[{"id":"dual-audio-0","name":"Dual Audio","type":"releaseTitle","value":"dual[ ._-]?(audio)|[([]dual[])]|\\b(JA|ZH|KO)(?= ?\\+ ?.*?\\b(EN))|\\b(EN)(?= ?\\+ ?.*?\\b(JA|ZH|KO))|\\b(Japanese|Chinese|Korean) ?[ ._\\+&-] ?\\b(English)|\\b(English) ?[ ._\\+&-] ?\\b(Japanese|Chinese|Korean)|\\b(\\d{3,4}(p|i)|4K|U(ltra)?HD)\\b.*\\b(DUAL)\\b(?!.*\\(|\\))","required":true},{"id":"japanese-language-2","name":"Japanese Language","type":"language","value":"Japanese Language","required":false},{"id":"chinese-language-3","name":"Chinese Language","type":"language","value":"Chinese Language","required":false},{"id":"korean-language-4","name":"Korean Language","type":"language","value":"Korean Language","required":false}]'::jsonb, '[{"id":"not-single-language-only-1","name":"Not Single Language Only","type":"releaseTitle","value":"\\[(JA|ZH|KO)\\]","required":true}]'::jsonb),
    ('b0fdc5897f68c9a68c70c25169f77447', 'Anime LQ Groups', '[{"id":"tore-chill-0","name":"$tore-Chill","type":"releaseTitle","value":"\\b(\\$tore-Chill)\\b","required":false},{"id":"0neshot-1","name":"0neshot","type":"releaseTitle","value":"\\b(0neshot)\\b","required":false},{"id":"224-2","name":"224","type":"releaseTitle","value":"\\[224\\]|-224\\b","required":false},{"id":"a-destiny-3","name":"A-Destiny","type":"releaseTitle","value":"\\b(A-Destiny)\\b","required":false},{"id":"aceares-4","name":"AceAres","type":"releaseTitle","value":"\\b(AceAres)\\b","required":false},{"id":"ahmaddev-5","name":"AhmadDev","type":"releaseTitle","value":"\\b(AhmadDev)\\b","required":false},{"id":"anime-chap-6","name":"Anime Chap","type":"releaseTitle","value":"\\b(Anime[ .-]?Chap)\\b","required":false},{"id":"anime-land-7","name":"Anime Land","type":"releaseTitle","value":"\\b(Anime[ .-]?Land)\\b","required":false},{"id":"anime-time-8","name":"Anime Time","type":"releaseTitle","value":"\\b(Anime[ .-]?Time)\\b","required":false},{"id":"animedynastyen-9","name":"AnimeDynastyEN","type":"releaseTitle","value":"\\b(AnimeDynastyEN)\\b","required":false},{"id":"animekuro-10","name":"AnimeKuro","type":"releaseTitle","value":"\\b(AnimeKuro)\\b","required":false},{"id":"animerg-11","name":"AnimeRG","type":"releaseTitle","value":"\\b(AnimeRG)\\b","required":false},{"id":"animesubs-12","name":"Animesubs","type":"releaseTitle","value":"\\b(Animesubs)\\b","required":false},{"id":"animetr-13","name":"AnimeTR","type":"releaseTitle","value":"\\b(AnimeTR)\\b","required":false},{"id":"anitsu-14","name":"Anitsu","type":"releaseTitle","value":"\\b(Anitsu)\\b","required":false},{"id":"anivoid-15","name":"AniVoid","type":"releaseTitle","value":"\\b(AniVoid)\\b","required":false},{"id":"arataenc-16","name":"ArataEnc","type":"releaseTitle","value":"\\b(ArataEnc)\\b","required":false},{"id":"arey-17","name":"AREY","type":"releaseTitle","value":"\\b(AREY)\\b","required":false},{"id":"ari-18","name":"Ari","type":"releaseTitle","value":"\\[Ari\\]|-Ari\\b","required":false},{"id":"asw-19","name":"ASW","type":"releaseTitle","value":"\\b(ASW)\\b","required":false},{"id":"bjx-20","name":"BJX","type":"releaseTitle","value":"\\b(BJX)\\b","required":false},{"id":"blackluster-21","name":"BlackLuster","type":"releaseTitle","value":"\\b(BlackLuster)\\b","required":false},{"id":"bonkai77-22","name":"bonkai77","type":"releaseTitle","value":"\\b(bonkai77)\\b","required":false},{"id":"cameesp-23","name":"CameEsp","type":"releaseTitle","value":"\\b(CameEsp)\\b","required":false},{"id":"cat66-24","name":"Cat66","type":"releaseTitle","value":"\\b(Cat66)\\b","required":false},{"id":"cbb-25","name":"CBB","type":"releaseTitle","value":"\\b(CBB)\\b","required":false},{"id":"cerberus-26","name":"Cerberus","type":"releaseTitle","value":"\\[Cerberus\\]|-Cerberus\\b","required":false},{"id":"cleo-27","name":"Cleo","type":"releaseTitle","value":"\\[Cleo\\]|-Cleo","required":false},{"id":"cuap-28","name":"CuaP","type":"releaseTitle","value":"\\b(CuaP)\\b","required":false},{"id":"daddysubs-29","name":"DaddySubs","type":"releaseTitle","value":"\\[Daddy(Subs)?\\]|-Daddy(Subs)?\\b","required":false},{"id":"darkflix-30","name":"DARKFLiX","type":"releaseTitle","value":"\\b(DARKFLiX)\\b","required":false},{"id":"db-31","name":"DB","type":"releaseTitle","value":"\\[DB\\]","required":false},{"id":"dbarabic-32","name":"DBArabic","type":"releaseTitle","value":"\\b(DBArabic)\\b","required":false},{"id":"deadmau-raws-33","name":"Deadmau- RAWS","type":"releaseTitle","value":"\\b(Deadmau[ .-]?[ .-]?RAWS)\\b","required":false},{"id":"dkb-34","name":"DKB","type":"releaseTitle","value":"\\b(DKB)\\b","required":false},{"id":"dp-35","name":"DP","type":"releaseTitle","value":"\\b(DP)\\b","required":false},{"id":"dsuns-36","name":"DsunS","type":"releaseTitle","value":"\\b(DsunS)\\b","required":false},{"id":"emmid-37","name":"Emmid","type":"releaseTitle","value":"\\[Emmid\\]|-Emmid\\b","required":false},{"id":"exren-38","name":"ExREN","type":"releaseTitle","value":"\\b(ExREN)\\b","required":false},{"id":"fav-39","name":"FAV","type":"releaseTitle","value":"\\[FAV\\]|-FAV\\b","required":false},{"id":"fish-40","name":"Fish","type":"releaseTitle","value":"\\b((Baked|Dead|Space)Fish)\\b","required":false},{"id":"funarts-41","name":"FunArts","type":"releaseTitle","value":"\\b(FunArts)\\b","required":false},{"id":"germini-42","name":"GERMini","type":"releaseTitle","value":"\\b(GERMini)\\b","required":false},{"id":"hakata-ramen-43","name":"Hakata Ramen","type":"releaseTitle","value":"\\b(Hakata[ .-]?Ramen)\\b","required":false},{"id":"hall-of-c-44","name":"Hall_of_C","type":"releaseTitle","value":"\\b(Hall_of_C)\\b","required":false},{"id":"hatsuyuki-45","name":"Hatsuyuki","type":"releaseTitle","value":"\\[Hatsuyuki\\]|-Hatsuyuki\\b","required":false},{"id":"hav1t-46","name":"HAV1T","type":"releaseTitle","value":"\\b(HAV1T)\\b","required":false},{"id":"henil-47","name":"HENiL","type":"releaseTitle","value":"\\b(HENiL)\\b","required":false},{"id":"hitoku-48","name":"Hitoku","type":"releaseTitle","value":"\\[Hitoku\\]|-Hitoku\\b","required":false},{"id":"hollowroxas-49","name":"HollowRoxas","type":"releaseTitle","value":"\\b(HollowRoxas)\\b","required":false},{"id":"hr-50","name":"HR","type":"releaseTitle","value":"\\[HR\\]|-HR\\b","required":false},{"id":"iceblue-51","name":"ICEBLUE","type":"releaseTitle","value":"\\b(ICEBLUE)\\b","required":false},{"id":"ipunisher-52","name":"iPUNISHER","type":"releaseTitle","value":"\\b(iPUNISHER)\\b","required":false},{"id":"jacobswaggedup-53","name":"JacobSwaggedUp","type":"releaseTitle","value":"\\b(JacobSwaggedUp)\\b","required":false},{"id":"johnny-englishsubs-54","name":"Johnny-englishsubs","type":"releaseTitle","value":"\\b(Johnny-englishsubs)\\b","required":false},{"id":"kallango-55","name":"Kallango","type":"releaseTitle","value":"\\[Kallango\\]|-Kallango\\b","required":false},{"id":"kanjouteki-56","name":"Kanjouteki","type":"releaseTitle","value":"\\b(Kanjouteki)\\b","required":false},{"id":"kekmasters-57","name":"KEKMASTERS","type":"releaseTitle","value":"\\b(KEKMASTERS)\\b","required":false},{"id":"kirion-58","name":"Kirion","type":"releaseTitle","value":"\\b(Kirion)\\b","required":false},{"id":"kqrm-59","name":"KQRM","type":"releaseTitle","value":"\\b(KQRM)\\b","required":false},{"id":"krp-60","name":"KRP","type":"releaseTitle","value":"\\b(KRP)\\b","required":false},{"id":"lolihouse-61","name":"LoliHouse","type":"releaseTitle","value":"\\b(LoliHouse)\\b","required":false},{"id":"m-ni-62","name":"M@nI","type":"releaseTitle","value":"\\b(M@nI)\\b","required":false},{"id":"mal-lu-zen-63","name":"mal lu zen","type":"releaseTitle","value":"\\b(mal[ .-]lu[ .-]zen)\\b","required":false},{"id":"man-k-64","name":"Man.K","type":"releaseTitle","value":"\\b(Man\\.K)\\b","required":false},{"id":"maximus-65","name":"Maximus","type":"releaseTitle","value":"\\[Maximus\\]|-Maximus\\b","required":false},{"id":"md-66","name":"MD","type":"releaseTitle","value":"\\[MD\\]|-MD\\b","required":false},{"id":"mdcx-67","name":"mdcx","type":"releaseTitle","value":"\\b(mdcx)\\b","required":false},{"id":"metaljerk-68","name":"Metaljerk","type":"releaseTitle","value":"\\b(Metaljerk)\\b","required":false},{"id":"mgd-69","name":"MGD","type":"releaseTitle","value":"\\b(MGD)\\b","required":false},{"id":"minifreeza-70","name":"MiniFreeza","type":"releaseTitle","value":"\\b(MiniFreeza)\\b","required":false},{"id":"minimtbb-71","name":"MiniMTBB","type":"releaseTitle","value":"\\b(MiniMTBB)\\b","required":false},{"id":"miniscuba-72","name":"MinisCuba","type":"releaseTitle","value":"\\b(MinisCuba)\\b","required":false},{"id":"minitheatre-73","name":"MiniTheatre","type":"releaseTitle","value":"\\b(MiniTheatre)\\b","required":false},{"id":"mites-74","name":"Mites","type":"releaseTitle","value":"\\b(Mites)\\b","required":false},{"id":"modders-bay-75","name":"Modders Bay","type":"releaseTitle","value":"\\b(Modders[ .-]?Bay)\\b","required":false},{"id":"mr-deadpool-76","name":"Mr. Deadpool","type":"releaseTitle","value":"\\b(Mr\\.Deadpool)\\b","required":false},{"id":"nemdiggers-77","name":"NemDiggers","type":"releaseTitle","value":"\\b(NemDiggers)\\b","required":false},{"id":"neohevc-78","name":"neoHEVC","type":"releaseTitle","value":"\\b(neoHEVC)\\b","required":false},{"id":"nokou-79","name":"Nokou","type":"releaseTitle","value":"\\b(Nokou)\\b","required":false},{"id":"noobsubs-80","name":"NoobSubs","type":"releaseTitle","value":"\\b(N[eo][wo]b[ ._-]?Subs)\\b","required":false},{"id":"ns-81","name":"NS","type":"releaseTitle","value":"\\b(NS)\\b","required":false},{"id":"nyanpasu-82","name":"Nyanpasu","type":"releaseTitle","value":"\\b(Nyanpasu)\\b","required":false},{"id":"oldcastle-83","name":"OldCastle","type":"releaseTitle","value":"\\b(OldCastle)\\b","required":false},{"id":"pantsu-84","name":"Pantsu","type":"releaseTitle","value":"\\[Pantsu\\]|-Pantsu\\b","required":false},{"id":"pao-85","name":"Pao","type":"releaseTitle","value":"\\[Pao\\]|-Pao\\b","required":false},{"id":"phazer11-86","name":"phazer11","type":"releaseTitle","value":"\\b(phazer11)\\b","required":false},{"id":"pixel-87","name":"Pixel","type":"releaseTitle","value":"\\[Pixel\\]|-Pixel\\b","required":false},{"id":"plex-friendly-88","name":"Plex Friendly","type":"releaseTitle","value":"\\b(Plex[ .-]?Friendly)\\b","required":false},{"id":"pnpsubs-89","name":"PnPSubs","type":"releaseTitle","value":"\\b(PnPSubs)\\b","required":false},{"id":"polarwindz-90","name":"Polarwindz","type":"releaseTitle","value":"\\b(Polarwindz)\\b","required":false},{"id":"project-gxs-91","name":"Project-gxs","type":"releaseTitle","value":"\\b(Project-gxs)\\b","required":false},{"id":"puyasubs-92","name":"PuyaSubs","type":"releaseTitle","value":"\\b(PuyaSubs)\\b","required":false},{"id":"qas-93","name":"QaS","type":"releaseTitle","value":"\\b(QAS)\\b","required":false},{"id":"qce-94","name":"QCE","type":"releaseTitle","value":"\\b(QCE)\\b","required":false},{"id":"rando235-95","name":"Rando235","type":"releaseTitle","value":"\\b(Rando235)\\b","required":false},{"id":"ranger-96","name":"Ranger","type":"releaseTitle","value":"\\[Ranger\\]|-Ranger\\b","required":false},{"id":"rapta-97","name":"Rapta","type":"releaseTitle","value":"\\[Rapta\\]|-Rapta\\b","required":false},{"id":"raw-files-98","name":"Raw Files","type":"releaseTitle","value":"\\b(M2TS|BDMV|BDVD)\\b","required":false},{"id":"raze-99","name":"Raze","type":"releaseTitle","value":"\\[Raze\\]|-Raze\\b","required":false},{"id":"reaktor-100","name":"Reaktor","type":"releaseTitle","value":"\\b(Reaktor)\\b","required":false},{"id":"rightshiftby2-101","name":"RightShiftBy2","type":"releaseTitle","value":"\\b(RightShiftBy2)\\b","required":false},{"id":"rip-time-102","name":"Rip Time","type":"releaseTitle","value":"\\b(Rip[ .-]?Time)\\b","required":false},{"id":"sad-103","name":"SAD","type":"releaseTitle","value":"\\[SAD\\]|-SAD\\b","required":false},{"id":"salieri-104","name":"Salieri","type":"releaseTitle","value":"\\b(Salieri)\\b","required":false},{"id":"samir755-105","name":"Samir755","type":"releaseTitle","value":"\\b(Samir755)\\b","required":false},{"id":"sankyuu-106","name":"SanKyuu","type":"releaseTitle","value":"\\b(SanKyuu)\\b","required":false},{"id":"sein-107","name":"SEiN","type":"releaseTitle","value":"\\[SEiN\\]|-SEiN\\b","required":false},{"id":"sekkusu-ok-108","name":"sekkusu&ok","type":"releaseTitle","value":"\\b(sekkusu&ok)\\b","required":false},{"id":"shfs-109","name":"SHFS","type":"releaseTitle","value":"\\b(SHFS)\\b","required":false},{"id":"shincaps-110","name":"shincaps","type":"releaseTitle","value":"\\b(shincaps)\\b","required":false},{"id":"slax-111","name":"SLAX","type":"releaseTitle","value":"\\b(SLAX)\\b","required":false},{"id":"sokudo-112","name":"Sokudo","type":"releaseTitle","value":"\\[Sokudo\\]|-Sokudo\\b","required":false},{"id":"srw-113","name":"SRW","type":"releaseTitle","value":"\\b(SRW)\\b","required":false},{"id":"ssa-114","name":"SSA","type":"releaseTitle","value":"\\b(SSA)\\b","required":false},{"id":"straygods-115","name":"StrayGods","type":"releaseTitle","value":"\\b(StrayGods)\\b","required":false},{"id":"suki-desu-116","name":"Suki Desu","type":"releaseTitle","value":"\\[Suki[ .-]?Desu\\]|-Suki[ .-]?Desu\\b","required":false},{"id":"teamturquoize-117","name":"TeamTurquoize","type":"releaseTitle","value":"\\b(TeamTurquoize)\\b","required":false},{"id":"tenrai-sensei-118","name":"Tenrai Sensei","type":"releaseTitle","value":"\\b(Tenrai[ .-]?Sensei)\\b","required":false},{"id":"tnf-119","name":"TnF","type":"releaseTitle","value":"\\b(TnF)\\b","required":false},{"id":"topkek-120","name":"TOPKEK","type":"releaseTitle","value":"\\b(TOPKEK)\\b","required":false},{"id":"trix-121","name":"Trix","type":"releaseTitle","value":"\\[Trix\\]|-Trix\\b","required":false},{"id":"u3-web-122","name":"U3-Web","type":"releaseTitle","value":"\\b(U3-Web)\\b","required":false},{"id":"unbiased-123","name":"UNBIASED","type":"releaseTitle","value":"\\[UNBIASED\\]|-UNBIASED\\b","required":false},{"id":"up-124","name":"uP","type":"releaseTitle","value":"\\[uP\\]","required":false},{"id":"usd-125","name":"USD","type":"releaseTitle","value":"\\[USD\\]|-USD\\b","required":false},{"id":"valenciano-126","name":"Valenciano","type":"releaseTitle","value":"\\b(Valenciano)\\b","required":false},{"id":"vipapkstudios-127","name":"VipapkStudios","type":"releaseTitle","value":"\\b(VipapkStudios)\\b","required":false},{"id":"wardevil-128","name":"Wardevil","type":"releaseTitle","value":"\\[Wardevil\\]|-Wardevil\\b","required":false},{"id":"wtf-anime-129","name":"WtF Anime","type":"releaseTitle","value":"\\b(WtF[ ._-]?Anime)\\b","required":false},{"id":"xiao-av1-130","name":"xiao-av1","type":"releaseTitle","value":"\\b(xiao-av1)\\b","required":false},{"id":"yabai-desu-nerandomremux-131","name":"Yabai_Desu_NeRandomRemux","type":"releaseTitle","value":"\\b(Yabai_Desu_NeRandomRemux)\\b","required":false},{"id":"yakuboencodes-132","name":"YakuboEncodes","type":"releaseTitle","value":"\\b(YakuboEncodes)\\b","required":false},{"id":"youshikibi-133","name":"youshikibi","type":"releaseTitle","value":"\\b(youshikibi)\\b","required":false},{"id":"yuisubs-134","name":"YuiSubs","type":"releaseTitle","value":"\\b(YuiSubs)\\b","required":false},{"id":"yun-135","name":"Yun","type":"releaseTitle","value":"\\[Yun\\]|-Yun\\b","required":false},{"id":"zza-136","name":"zza","type":"releaseTitle","value":"\\[zza\\]|-zza\\b","required":false}]'::jsonb, '[]'::jsonb),
    ('06b6542a47037d1e33b15aa3677c2365', 'Anime Raws', '[{"id":"asukaraws-0","name":"AsukaRaws","type":"releaseTitle","value":"Asuka[ ._-]?(Raws)","required":false},{"id":"beatrice-raws-1","name":"Beatrice-Raws","type":"releaseTitle","value":"Beatrice[ ._-]?(Raws)","required":false},{"id":"daddy-raws-2","name":"Daddy-Raws","type":"releaseTitle","value":"Daddy[ ._-]?(Raws)","required":false},{"id":"fumi-raws-3","name":"Fumi-Raws","type":"releaseTitle","value":"Fumi[ ._-]?(Raws)","required":false},{"id":"irizaraws-4","name":"IrizaRaws","type":"releaseTitle","value":"Iriza[ ._-]?(Raws)","required":false},{"id":"kawaiika-raws-5","name":"Kawaiika-Raws","type":"releaseTitle","value":"Kawaiika[ ._-]?(Raws)","required":false},{"id":"km-6","name":"km","type":"releaseTitle","value":"\\[km\\]|-km\\b","required":false},{"id":"koi-raws-7","name":"Koi-Raws","type":"releaseTitle","value":"Koi[ ._-]?(Raws)","required":false},{"id":"lilith-raws-8","name":"Lilith-Raws","type":"releaseTitle","value":"Lilith[ ._-]?(Raws)","required":false},{"id":"lowpower-raws-9","name":"LowPower-Raws","type":"releaseTitle","value":"LowPower[ ._-]?(Raws)","required":false},{"id":"moozzi2-10","name":"Moozzi2","type":"releaseTitle","value":"\\b(Moozzi2)\\b","required":false},{"id":"nanakoraws-11","name":"NanakoRaws","type":"releaseTitle","value":"Nanako[ ._-]?(Raws)","required":false},{"id":"nc-raws-12","name":"NC-Raws","type":"releaseTitle","value":"NC[ ._-]?(Raws)","required":false},{"id":"neko-raws-13","name":"neko-raws","type":"releaseTitle","value":"neko[ ._-]?(raws)","required":false},{"id":"new-raws-14","name":"New-raws","type":"releaseTitle","value":"New[ ._-]?(raws)","required":false},{"id":"ohys-raws-15","name":"Ohys-Raws","type":"releaseTitle","value":"Ohys[ ._-]?(Raws)","required":false},{"id":"pandoratv-raws-16","name":"Pandoratv-Raws","type":"releaseTitle","value":"Pandoratv[ ._-]?(Raws)","required":false},{"id":"raws-maji-17","name":"Raws-Maji","type":"releaseTitle","value":"\\b(Raws-Maji)\\b","required":false},{"id":"reinforce-18","name":"ReinForce","type":"releaseTitle","value":"\\b(ReinForce)\\b","required":false},{"id":"scryous-raws-19","name":"Scryous-Raws","type":"releaseTitle","value":"Scryous[ ._-]?(Raws)","required":false},{"id":"seicher-raws-20","name":"Seicher-Raws","type":"releaseTitle","value":"Seicher[ ._-]?(Raws)","required":false},{"id":"shiniori-raws-21","name":"Shiniori-Raws","type":"releaseTitle","value":"Shiniori[ ._-]?(Raws)","required":false}]'::jsonb, '[]'::jsonb),
    ('55dba64d34ccc522c69f5d143bd7d42c', 'Asian LQ', '[{"id":"appletor-0","name":"AppleTor","type":"releaseGroup","value":"^(AppleTor)$","required":false},{"id":"luvmichelle-1","name":"Luvmichelle","type":"releaseGroup","value":"^(Luvmichelle)$","required":false},{"id":"magicstar-2","name":"MagicStar","type":"releaseGroup","value":"^(MagicStar)$","required":false},{"id":"next-3","name":"NEXT","type":"releaseGroup","value":"^(NEXT)$","required":false},{"id":"taengoo-4","name":"Taengoo","type":"releaseGroup","value":"^(Taengoo)$","required":false},{"id":"unco-5","name":"unco","type":"releaseGroup","value":"^(unco)$","required":false},{"id":"unco-avistaz-6","name":"unco@AvistaZ","type":"releaseGroup","value":"^(unco@AvistaZ)$","required":false}]'::jsonb, '[]'::jsonb),
    ('6eb46ee61aa3c40c7657a85d781c5c29', 'Asian Tier 01', '[{"id":"andy-0","name":"ANDY","type":"releaseGroup","value":"^(ANDY)$","required":false},{"id":"archie-1","name":"Archie","type":"releaseGroup","value":"^(Archie)$","required":false},{"id":"eclipse-2","name":"ECLiPSE","type":"releaseGroup","value":"^(ECLiPSE)$","required":false},{"id":"hbo-3","name":"HBO","type":"releaseGroup","value":"^(HBO)$","required":false},{"id":"heavenlyoppa-4","name":"HeavenlyOppa","type":"releaseGroup","value":"^(HeavenlyOppa)$","required":false},{"id":"itsok-5","name":"iTsOK","type":"releaseGroup","value":"^(iTsOK)$","required":false},{"id":"jkct-6","name":"JKCT","type":"releaseGroup","value":"^(JKCT)$","required":false},{"id":"lovebug-7","name":"LoveBug","type":"releaseGroup","value":"^(LoveBug)$","required":false},{"id":"mark-8","name":"MARK","type":"releaseGroup","value":"^(MARK)$","required":false},{"id":"mmr-9","name":"MMR","type":"releaseGroup","value":"^(MMR)$","required":false},{"id":"mrhulk-10","name":"MrHulk","type":"releaseGroup","value":"^(MrHulk)$","required":false},{"id":"phanteam-11","name":"Phanteam","type":"releaseGroup","value":"^(Phanteam)$","required":false},{"id":"sh3lby-12","name":"SH3LBY","type":"releaseGroup","value":"^(SH3LBY)$","required":false},{"id":"synfm-13","name":"SYNFM","type":"releaseGroup","value":"^(SYNFM)$","required":false},{"id":"wendy-14","name":"Wendy","type":"releaseGroup","value":"^(Wendy)$","required":false},{"id":"webdl-15","name":"WEBDL","type":"source","value":"WEBDL","required":false},{"id":"webrip-16","name":"WEBRIP","type":"source","value":"WEBRIP","required":false}]'::jsonb, '[]'::jsonb),
    ('3873e64f7ff1df7805598c15821e011b', 'Asian Tier 02', '[{"id":"pandamoon-0","name":"PandaMoon","type":"releaseGroup","value":"^(PandaMoon)$","required":false},{"id":"webdl-1","name":"WEBDL","type":"source","value":"WEBDL","required":false},{"id":"webrip-2","name":"WEBRIP","type":"source","value":"WEBRIP","required":false}]'::jsonb, '[]'::jsonb),
    ('a5c447e62bf5172c6b199ae7fce2e133', 'Asian Tier 03', '[{"id":"adweb-0","name":"ADWeb","type":"releaseGroup","value":"^(ADWeb)$","required":false},{"id":"chdweb-1","name":"CHDWEB","type":"releaseGroup","value":"^(CHDWEB)$","required":false},{"id":"hdctv-2","name":"HDCTV","type":"releaseGroup","value":"^(HDCTV)$","required":false},{"id":"hhweb-3","name":"HHWEB","type":"releaseGroup","value":"^(HHWEB)$","required":false},{"id":"ourtv-4","name":"OurTV","type":"releaseGroup","value":"^(OurTV)$","required":false},{"id":"shine-5","name":"SHiNE","type":"releaseGroup","value":"^(SHiNE)$","required":false},{"id":"webdl-6","name":"WEBDL","type":"source","value":"WEBDL","required":false},{"id":"webrip-7","name":"WEBRIP","type":"source","value":"WEBRIP","required":false}]'::jsonb, '[]'::jsonb),
    ('df13ed57843877b21ad969184ab6888f', 'ATV', '[{"id":"apple-tv-0","name":"Apple TV","type":"releaseTitle","value":"\\b(ATV)\\b","required":true},{"id":"webdl-1","name":"WEBDL","type":"source","value":"WEBDL","required":false},{"id":"webrip-2","name":"WEBRIP","type":"source","value":"WEBRIP","required":false}]'::jsonb, '[]'::jsonb),
    ('40e9380490e748672c2522eaaeb692f7', 'ATVP', '[{"id":"apple-tv-0","name":"Apple TV+","type":"releaseTitle","value":"\\b(atvp|aptv|Apple TV\\+)\\b","required":true},{"id":"webdl-1","name":"WEBDL","type":"source","value":"WEBDL","required":false},{"id":"webrip-2","name":"WEBRIP","type":"source","value":"WEBRIP","required":false}]'::jsonb, '[]'::jsonb),
    ('3bf143ecd06f66ed88da4c704350af1d', 'AUBC', '[{"id":"aubc-0","name":"AUBC","type":"releaseTitle","value":"\\b(AUBC)\\b","required":true},{"id":"webdl-1","name":"WEBDL","type":"source","value":"WEBDL","required":false},{"id":"webrip-2","name":"WEBRIP","type":"source","value":"WEBRIP","required":false}]'::jsonb, '[]'::jsonb),
    ('b0d6195c23ae254932da00512db7e8a8', 'AUViO', '[{"id":"webdl-0","name":"WEBDL","type":"source","value":"WEBDL","required":false},{"id":"webrip-1","name":"WEBRIP","type":"source","value":"WEBRIP","required":false},{"id":"auvio-2","name":"AUViO","type":"releaseTitle","value":"\\b(AUVIO)\\b","required":false},{"id":"radio-t-l-vision-belge-francophone-3","name":"Radio Télévision Belge Francophone","type":"releaseTitle","value":"\\b(RTBF)\\b","required":false}]'::jsonb, '[]'::jsonb),
    ('cae4ca30163749b891686f95532519bd', 'AV1', '[{"id":"av1-0","name":"AV1","type":"releaseTitle","value":"\\bAV1\\b","required":true}]'::jsonb, '[]'::jsonb),
    ('7dd31f3dee6d2ef8eeaa156e23c3857e', 'B-Global', '[{"id":"webdl-0","name":"WEBDL","type":"source","value":"WEBDL","required":false},{"id":"webrip-1","name":"WEBRIP","type":"source","value":"WEBRIP","required":false},{"id":"web-2","name":"WEB","type":"source","value":"TELEVISION","required":false},{"id":"b-global-3","name":"B-Global","type":"releaseTitle","value":"\\b(B[ .-]?Global)\\b","required":true}]'::jsonb, '[]'::jsonb),
    ('cc5e51a9e85a6296ceefe097a77f12f4', 'BCORE', '[{"id":"bravia-core-0","name":"Bravia Core","type":"releaseTitle","value":"\\b(BCORE)\\b|\\b(\\d{3,4}(p|i))\\b.*\\b(CORE)\\b","required":true},{"id":"webdl-1","name":"WEBDL","type":"source","value":"WEBDL","required":false},{"id":"webrip-2","name":"WEBRIP","type":"source","value":"WEBRIP","required":false}]'::jsonb, '[]'::jsonb),
    ('5153ec7413d9dae44e24275589b5e944', 'BHDStudio', '[{"id":"bhdstudio-0","name":"BHDStudio","type":"releaseGroup","value":"^(BHDStudio)$","required":true}]'::jsonb, '[]'::jsonb),
    ('4c67ff059210182b59cdd41697b8cb08', 'Bilibili', '[{"id":"webdl-0","name":"WEBDL","type":"source","value":"WEBDL","required":false},{"id":"webrip-1","name":"WEBRIP","type":"source","value":"WEBRIP","required":false},{"id":"web-2","name":"WEB","type":"source","value":"TELEVISION","required":false},{"id":"bilibili-3","name":"Bilibili","type":"releaseTitle","value":"\\b(Bili(bili)?)\\b","required":true}]'::jsonb, '[]'::jsonb),
    ('cc444569854e9de0b084ab2b8b1532b2', 'Black and White Editions', '[{"id":"blackout-b-w-black-chrome-0","name":"Blackout/B&W/Black&Chrome","type":"releaseTitle","value":"(?<=\\b[12]\\d{3}\\b).*\\b((B(lack)?[ ._-]?(out|(and|[n&])?[ ._-]?(W(hite)?|Chrome))))\\b(?!$)","required":false},{"id":"monochrome-1","name":"Monochrome","type":"releaseTitle","value":"(?<=\\b[12]\\d{3}\\b).*\\b(Monochrome)\\b(?!$)","required":false},{"id":"noir-2","name":"Noir","type":"releaseTitle","value":"(?<=\\b[12]\\d{3}\\b).*\\b(Noir)\\b(?!$)","required":false},{"id":"shush-cut-3","name":"Shush Cut","type":"releaseTitle","value":"(?<=\\b[12]\\d{3}\\b).*\\b(Shush[ ._-]?Cut)\\b(?!$)","required":false},{"id":"no-minus-color-4","name":"No/Minus Color","type":"releaseTitle","value":"(?<=\\b[12]\\d{3}\\b).*\\b((No|Minus)[ ._-]?Colou?r)\\b(?!$)","required":false},{"id":"grayscale-5","name":"Grayscale","type":"releaseTitle","value":"(?<=\\b[12]\\d{3}\\b).*\\b(Gr[ae]y([ ._-]?(scale))?)\\b(?!$)","required":false},{"id":"darkness-and-light-6","name":"Darkness and Light","type":"releaseTitle","value":"(?<=\\b[12]\\d{3}\\b).*\\b(Darkness?[ ._-]?(and|&)[ ._-]?(Light))\\b(?!$)","required":false}]'::jsonb, '[]'::jsonb),
    ('ed38b889b31be83fda192888e2286d83', 'BR-DISK', '[{"id":"br-disk-0","name":"BR-DISK","type":"releaseTitle","value":"^(?!.*\\b((?<!HD[._ -]|HD)DVD|BDRip|720p|MKV|XviD|WMV|d3g|(BD)?REMUX|^(?=.*1080p)(?=.*HEVC)|[xh][-_. ]?26[45]|German.*[DM]L|((?<=\\d{4}).*German.*([DM]L)?)(?=.*\\b(AVC|HEVC|VC[-_. ]?1|MVC|MPEG[-_. ]?2)\\b))\\b)(((?=.*\\b(Blu[-_. ]?ray|BD|HD[-_. ]?DVD)\\b)(?=.*\\b(AVC|HEVC|VC[-_. ]?1|MVC|MPEG[-_. ]?2|BDMV|ISO)\\b))|^((?=.*\\b(((?=.*\\b((.*_)?COMPLETE.*|Dis[ck])\\b)(?=.*(Blu[-_. ]?ray|HD[-_. ]?DVD)))|3D[-_. ]?BD|BR[-_. ]?DISK|Full[-_. ]?Blu[-_. ]?ray|^((?=.*((BD|UHD)[-_. ]?(25|50|66|100|ISO)))))))).*","required":true}]'::jsonb, '[]'::jsonb),
    ('6f808933a71bd9666531610cb8c059cc', 'BR-DISK (BTN)', '[{"id":"br-disk-0","name":"BR-DISK","type":"releaseTitle","value":"^(?!.*\\b((?<!HD[._ -]|HD)DVD|BDRip|720p|MKV|XviD|WMV|d3g|(BD)?REMUX|^(?=.*1080p)(?=.*HEVC)|[x][-_. ]?26[45]|German.*[DM]L|((?<=\\d{4}).*German.*([DM]L)?)(?=.*\\b(AVC|HEVC|VC[-_. ]?1|MVC|MPEG[-_. ]?2)\\b))\\b)(((?=.*\\b(Blu[-_. ]?ray|BD|HD[-_. ]?DVD)\\b)(?=.*\\b(AVC|HEVC|VC[-_. ]?1|MVC|MPEG[-_. ]?2|BDMV|ISO|H[ ._-]?26[45])\\b))|^((?=.*\\b(((?=.*\\b((.*_)?COMPLETE.*|Dis[ck])\\b)(?=.*(Blu[-_. ]?ray|HD[-_. ]?DVD)))|3D[-_. ]?BD|BR[-_. ]?DISK|Full[-_. ]?Blu[-_. ]?ray|^((?=.*((BD|UHD)[-_. ]?(25|50|66|100|ISO)))))))).*","required":true}]'::jsonb, '[]'::jsonb),
    ('21d9d08e39b05523ec36811ab06b8308', 'BW', '[{"id":"blackout-b-w-black-chrome-0","name":"Blackout/B&W/Black&Chrome","type":"releaseTitle","value":"(?<=\\bS\\d+(E\\d+)?\\b).*\\b((B(lack)?[ ._-]?(out|(and|[n&])?[ ._-]?(W(hite)?|Chrome))))\\b(?!$)","required":false}]'::jsonb, '[]'::jsonb),
    ('d9058beaae2e147183870304dd526761', 'CBC', '[{"id":"cbc-0","name":"CBC","type":"releaseTitle","value":"\\b(CBC)\\b","required":true},{"id":"webdl-1","name":"WEBDL","type":"source","value":"WEBDL","required":false},{"id":"webrip-2","name":"WEBRIP","type":"source","value":"WEBRIP","required":false}]'::jsonb, '[]'::jsonb),
    ('77a7b25585c18af08f60b1547bb9b4fb', 'CC', '[{"id":"comedy-central-0","name":"Comedy Central","type":"releaseTitle","value":"\\b(CC)\\b[ ._-]web[ ._-]?(dl|rip)?\\b","required":false},{"id":"cc-rename-1","name":"CC Rename","type":"releaseTitle","value":"\\[(CC)\\b|\\b(CC)\\]","required":false},{"id":"webdl-2","name":"WEBDL","type":"source","value":"WEBDL","required":false},{"id":"webrip-3","name":"WEBRIP","type":"source","value":"WEBRIP","required":false}]'::jsonb, '[]'::jsonb),
    ('1f9dfb4b8d9cae1f6dc0099547d53513', 'CNLP', '[{"id":"cnlp-0","name":"CNLP","type":"releaseTitle","value":"\\b(CNLP)\\b(?=[ ._-]web[ ._-]?(dl|rip)\\b)","required":true},{"id":"webdl-1","name":"WEBDL","type":"source","value":"WEBDL","required":false},{"id":"webrip-2","name":"WEBRIP","type":"source","value":"WEBRIP","required":false}]'::jsonb, '[]'::jsonb),
    ('017fadff92b872622448dae34a4de0c0', 'CPNG', '[{"id":"cpng-0","name":"CPNG","type":"releaseTitle","value":"\\b(CPNG)\\b","required":true},{"id":"webdl-1","name":"WEBDL","type":"source","value":"WEBDL","required":false},{"id":"webrip-2","name":"WEBRIP","type":"source","value":"WEBRIP","required":false}]'::jsonb, '[]'::jsonb),
    ('3e0b26604165f463f3e8e192261e7284', 'CR', '[{"id":"webdl-0","name":"WEBDL","type":"source","value":"WEBDL","required":false},{"id":"webrip-1","name":"WEBRIP","type":"source","value":"WEBRIP","required":false},{"id":"web-2","name":"WEB","type":"source","value":"TELEVISION","required":false},{"id":"crunchyroll-3","name":"Crunchyroll","type":"releaseTitle","value":"\\b(C(runchy)?[ .-]?R(oll)?)\\b","required":true}]'::jsonb, '[]'::jsonb),
    ('f6ff65b3f4b464a79dcc75950fe20382', 'CRAV', '[{"id":"crave-0","name":"Crave","type":"releaseTitle","value":"\\b(crav(e)?)\\b[ ._-]web[ ._-]?(dl|rip)?\\b","required":false},{"id":"crave-rename-1","name":"Crave Rename","type":"releaseTitle","value":"\\[(CRAV)\\b|\\b(CRAV)\\]","required":false},{"id":"webdl-2","name":"WEBDL","type":"source","value":"WEBDL","required":false},{"id":"webrip-3","name":"WEBRIP","type":"source","value":"WEBRIP","required":false}]'::jsonb, '[]'::jsonb),
    ('16622a6911d1ab5d5b8b713d5b0036d4', 'CRiT', '[{"id":"crit-0","name":"CRiT","type":"releaseTitle","value":"\\b(CRiT)\\b","required":true},{"id":"webdl-1","name":"WEBDL","type":"source","value":"WEBDL","required":false},{"id":"webrip-2","name":"WEBRIP","type":"source","value":"WEBRIP","required":false}]'::jsonb, '[{"id":"not-criterion-rlsgrp-3","name":"Not Criterion RlsGrp","type":"releaseGroup","value":"^(Criterion)$","required":true}]'::jsonb),
    ('e0c07d59beb37348e975a930d5e50319', 'Criterion Collection', '[{"id":"bluray-0","name":"Bluray","type":"source","value":"BLURAY","required":false},{"id":"dvd-1","name":"DVD","type":"source","value":"DVD","required":false},{"id":"criterion-2","name":"Criterion","type":"releaseTitle","value":"\\b(Criterion)\\b","required":false},{"id":"cc-3","name":"CC","type":"releaseTitle","value":"\\b(CC)\\b","required":false}]'::jsonb, '[{"id":"not-criterion-rlsgrp-4","name":"Not Criterion RlsGrp","type":"releaseGroup","value":"^(Criterion)$","required":true}]'::jsonb),
    ('36b72f59f4ea20aad9316f475f2d9fbb', 'DCU', '[{"id":"dc-universe-0","name":"DC Universe","type":"releaseTitle","value":"\\b(dcu|DC Universe)\\b","required":true},{"id":"webdl-1","name":"WEBDL","type":"source","value":"WEBDL","required":false},{"id":"webrip-2","name":"WEBRIP","type":"source","value":"WEBRIP","required":false}]'::jsonb, '[]'::jsonb),
    ('c2998bd0d90ed5621d8df281e839436e', 'DD', '[{"id":"basic-dolby-digital-0","name":"Basic Dolby Digital","type":"releaseTitle","value":"\\bDD[^a-z+]|(?<!e-)\\b(ac-?3)\\b","required":true}]'::jsonb, '[{"id":"not-dolby-digital-plus-1","name":"Not Dolby Digital Plus","type":"releaseTitle","value":"\\bDD[P+]|\\b(e[-_. ]?ac-?3)\\b","required":true},{"id":"not-truehd-atmos-2","name":"Not TrueHD/ATMOS","type":"releaseTitle","value":"True[ .-]?HD|\\bATMOS(\\b|\\d)","required":true},{"id":"not-dts-3","name":"Not DTS","type":"releaseTitle","value":"\\bDTS(\\b|\\d)","required":true},{"id":"not-flac-4","name":"Not FLAC","type":"releaseTitle","value":"\\bFLAC(\\b|\\d)","required":true},{"id":"not-aac-5","name":"Not AAC","type":"releaseTitle","value":"\\bAAC(\\b|\\d)","required":true},{"id":"not-pcm-6","name":"Not PCM","type":"releaseTitle","value":"\\b(l?)PCM(\\b|\\d)","required":true}]'::jsonb),
    ('185f1dd7264c4562b9022d963ac37424', 'DD+', '[{"id":"dolby-digital-plus-0","name":"Dolby Digital Plus","type":"releaseTitle","value":"\\bDD[P+](?!A)|\\b(e[-_. ]?ac-?3)\\b","required":true}]'::jsonb, '[{"id":"not-truehd-atmos-1","name":"Not TrueHD/ATMOS","type":"releaseTitle","value":"\\b(True[ .-]?HD|ATMOS|DDPA)(\\b|\\d)","required":true},{"id":"not-dts-2","name":"Not DTS","type":"releaseTitle","value":"\\bDTS(\\b|\\d)","required":true},{"id":"not-flac-3","name":"Not FLAC","type":"releaseTitle","value":"\\bFLAC(\\b|\\d)","required":true},{"id":"not-aac-4","name":"Not AAC","type":"releaseTitle","value":"\\bAAC(\\b|\\d)","required":true},{"id":"not-pcm-5","name":"Not PCM","type":"releaseTitle","value":"\\b(l?)PCM(\\b|\\d)","required":true}]'::jsonb),
    ('1af239278386be2919e1bcee0bde047e', 'DD+ ATMOS', '[{"id":"dolby-digital-plus-0","name":"Dolby Digital Plus","type":"releaseTitle","value":"\\bDD[P+]|\\b(e[-_. ]?ac-?3)\\b","required":true},{"id":"atmos-1","name":"ATMOS","type":"releaseTitle","value":"\\b(ATMOS|DDPA)(\\b|\\d)","required":true}]'::jsonb, '[{"id":"not-truehd-2","name":"Not TrueHD","type":"releaseTitle","value":"True[ .-]?HD","required":true},{"id":"not-dts-3","name":"Not DTS","type":"releaseTitle","value":"\\bDTS(\\b|\\d)","required":true},{"id":"not-basic-dolby-digital-4","name":"Not Basic Dolby Digital ","type":"releaseTitle","value":"\\bDD[^a-z+]|(?<!e-)\\b(ac-?3)\\b","required":true},{"id":"not-flac-5","name":"Not FLAC","type":"releaseTitle","value":"\\bFLAC(\\b|\\d)","required":true},{"id":"not-aac-6","name":"Not AAC","type":"releaseTitle","value":"\\bAAC(\\b|\\d)","required":true},{"id":"not-pcm-7","name":"Not PCM","type":"releaseTitle","value":"\\b(l?)PCM(\\b|\\d)","required":true}]'::jsonb),
    ('940e98773ac068f2088688f95a88ea66', 'DMM-TV', '[{"id":"dmm-tv-0","name":"DMM-TV","type":"releaseTitle","value":"\\b(DMM-TV)\\b","required":true},{"id":"webdl-1","name":"WEBDL","type":"source","value":"WEBDL","required":false},{"id":"webrip-2","name":"WEBRIP","type":"source","value":"WEBRIP","required":false}]'::jsonb, '[]'::jsonb),
    ('dc5f2bb0e0262155b5fedd0f6c5d2b55', 'DSCP', '[{"id":"discovery-0","name":"Discovery+","type":"releaseTitle","value":"\\b((dscp|dcp|disc)\\b|dscv\\+?)[ ._-]web[ ._-]?(dl|rip)?\\b","required":false},{"id":"dscp-rename-1","name":"DSCP Rename","type":"releaseTitle","value":"\\[(DSCP)\\b|\\b(DSCP)\\]","required":false},{"id":"webdl-2","name":"WEBDL","type":"source","value":"WEBDL","required":false},{"id":"webrip-3","name":"WEBRIP","type":"source","value":"WEBRIP","required":false}]'::jsonb, '[]'::jsonb),
    ('84272245b2988854bfb76a16e60baea5', 'DSNP', '[{"id":"disney-0","name":"Disney+","type":"releaseTitle","value":"\\b(dsnp|dsny|disney|Disney\\+)\\b","required":true},{"id":"webdl-1","name":"WEBDL","type":"source","value":"WEBDL","required":false},{"id":"webrip-2","name":"WEBRIP","type":"source","value":"WEBRIP","required":false}]'::jsonb, '[]'::jsonb),
    ('1c1a4c5e823891c75bc50380a6866f73', 'DTS', '[{"id":"basic-dts-0","name":"Basic DTS","type":"releaseTitle","value":"\\bDTS(\\b|\\d)","required":true}]'::jsonb, '[{"id":"not-dts-hd-1","name":"Not DTS-HD","type":"releaseTitle","value":"\\b(dts[-_. ]?(ma|hd([-_. ]?ma)?|xll))(\\b|\\d)","required":true},{"id":"not-dts-hd-hra-es-2","name":"Not DTS-HD HRA/ES","type":"releaseTitle","value":"dts[-. ]?(es|(hd[. ]?)?(hr|hi))","required":true},{"id":"not-dolby-digital-plus-3","name":"Not Dolby Digital Plus","type":"releaseTitle","value":"\\bDD[P+]|\\b(e[-_. ]?ac-?3)\\b","required":true},{"id":"not-truehd-atmos-4","name":"Not TrueHD/ATMOS","type":"releaseTitle","value":"True[ .-]?HD|\\bATMOS(\\b|\\d)","required":true},{"id":"not-basic-dolby-digital-5","name":"Not Basic Dolby Digital","type":"releaseTitle","value":"\\bDD[^a-z+]|(?<!e-)\\b(ac-?3)\\b","required":true},{"id":"not-dts-x-6","name":"Not DTS X","type":"releaseTitle","value":"\\b(dts[-_.: ]?x7?)\\b(?![-_. ]?(26[456]))","required":true},{"id":"not-flac-7","name":"Not FLAC","type":"releaseTitle","value":"\\bFLAC(\\b|\\d)","required":true},{"id":"not-aac-8","name":"Not AAC","type":"releaseTitle","value":"\\bAAC(\\b|\\d)","required":true},{"id":"not-pcm-9","name":"Not PCM","type":"releaseTitle","value":"\\b(l?)PCM(\\b|\\d)","required":true}]'::jsonb),
    ('2f22d89048b01681dde8afe203bf2e95', 'DTS X', '[{"id":"dts-x-0","name":"DTS X","type":"releaseTitle","value":"\\b(dts[-_.: ]?x7?)\\b(?![-_. ]?(26[456]))","required":true}]'::jsonb, '[{"id":"not-basic-dts-1","name":"Not Basic DTS","type":"releaseTitle","value":"DTS[ .]?[1-9]","required":true},{"id":"not-basic-dolby-digital-2","name":"Not Basic Dolby Digital","type":"releaseTitle","value":"\\bDD[^a-z+]|(?<!e-)\\b(ac-?3)\\b","required":true},{"id":"not-dolby-digital-plus-3","name":"Not Dolby Digital Plus","type":"releaseTitle","value":"\\bDD[P+]|\\b(e[-_. ]?ac-?3)\\b","required":true},{"id":"not-truehd-atmos-4","name":"Not TrueHD/ATMOS","type":"releaseTitle","value":"True[ .-]?HD|\\bATMOS(\\b|\\d)","required":true},{"id":"not-flac-5","name":"Not FLAC","type":"releaseTitle","value":"\\bFLAC(\\b|\\d)","required":true},{"id":"not-aac-6","name":"Not AAC","type":"releaseTitle","value":"\\bAAC(\\b|\\d)","required":true},{"id":"not-pcm-7","name":"Not PCM","type":"releaseTitle","value":"\\b(l?)PCM(\\b|\\d)","required":true}]'::jsonb),
    ('f9f847ac70a0af62ea4a08280b859636', 'DTS-ES', '[{"id":"dts-es-0","name":"DTS-ES","type":"releaseTitle","value":"dts[-. ]?es\\b","required":true}]'::jsonb, '[{"id":"not-truehd-atmos-1","name":"Not TrueHD/ATMOS","type":"releaseTitle","value":"True[ .-]?HD|\\bATMOS(\\b|\\d)","required":true},{"id":"not-dolby-digital-plus-2","name":"Not Dolby Digital Plus","type":"releaseTitle","value":"\\bDD[P+]|\\b(e[-_. ]?ac-?3)\\b","required":true},{"id":"not-basic-dts-3","name":"Not Basic DTS","type":"releaseTitle","value":"DTS[ .]?[1-9]","required":true},{"id":"not-basic-dolby-digital-4","name":"Not Basic Dolby Digital ","type":"releaseTitle","value":"\\bDD[^a-z+]|(?<!e-)\\b(ac-?3)\\b","required":true},{"id":"not-dts-x-5","name":"Not DTS X","type":"releaseTitle","value":"\\b(dts[-_.: ]?x7?)\\b(?![-_. ]?(26[456]))","required":true},{"id":"not-flac-6","name":"Not FLAC","type":"releaseTitle","value":"\\bFLAC(\\b|\\d)","required":true},{"id":"not-aac-7","name":"Not AAC","type":"releaseTitle","value":"\\bAAC(\\b|\\d)","required":true},{"id":"not-pcm-8","name":"Not PCM","type":"releaseTitle","value":"\\b(l?)PCM(\\b|\\d)","required":true}]'::jsonb),
    ('8e109e50e0a0b83a5098b056e13bf6db', 'DTS-HD HRA', '[{"id":"dts-hd-hra-0","name":"DTS-HD HRA","type":"releaseTitle","value":"dts[-. ]?(hd[. ]?)?(hra?|hi\\b)","required":true}]'::jsonb, '[{"id":"not-truehd-atmos-1","name":"Not TrueHD/ATMOS","type":"releaseTitle","value":"True[ .-]?HD|\\bATMOS(\\b|\\d)","required":true},{"id":"not-dolby-digital-plus-2","name":"Not Dolby Digital Plus","type":"releaseTitle","value":"\\bDD[P+]|\\b(e[-_. ]?ac-?3)\\b","required":true},{"id":"not-basic-dts-3","name":"Not Basic DTS","type":"releaseTitle","value":"DTS[ .]?[1-9]","required":true},{"id":"not-basic-dolby-digital-4","name":"Not Basic Dolby Digital ","type":"releaseTitle","value":"\\bDD[^a-z+]|(?<!e-)\\b(ac-?3)\\b","required":true},{"id":"not-dts-x-5","name":"Not DTS X","type":"releaseTitle","value":"\\b(dts[-_.: ]?x7?)\\b(?![-_. ]?(26[456]))","required":true},{"id":"not-flac-6","name":"Not FLAC","type":"releaseTitle","value":"\\bFLAC(\\b|\\d)","required":true},{"id":"not-aac-7","name":"Not AAC","type":"releaseTitle","value":"\\bAAC(\\b|\\d)","required":true},{"id":"not-pcm-8","name":"Not PCM","type":"releaseTitle","value":"\\b(l?)PCM(\\b|\\d)","required":true},{"id":"not-dts-es-9","name":"Not DTS-ES","type":"releaseTitle","value":"dts.?es","required":true},{"id":"not-6-1-surround-10","name":"Not 6.1 Surround","type":"releaseTitle","value":"[^0-9]6[ .][0-1]","required":true}]'::jsonb),
    ('dcf3ec6938fa32445f590a4da84256cd', 'DTS-HD MA', '[{"id":"dts-hd-ma-0","name":"DTS-HD MA","type":"releaseTitle","value":"\\b(dts[-_. ]?(ma|hd([-_. ]?ma)?|xll))(\\b|\\d)","required":true}]'::jsonb, '[{"id":"not-truehd-atmos-1","name":"Not TrueHD/ATMOS","type":"releaseTitle","value":"True[ .-]?HD|\\bATMOS(\\b|\\d)","required":true},{"id":"not-dolby-digital-plus-2","name":"Not Dolby Digital Plus","type":"releaseTitle","value":"\\bDD[P+]|\\b(e[-_. ]?ac-?3)\\b","required":true},{"id":"not-basic-dolby-digital-3","name":"Not Basic Dolby Digital ","type":"releaseTitle","value":"\\bDD[^a-z+]|(?<!e-)\\b(ac-?3)\\b","required":true},{"id":"not-dts-x-4","name":"Not DTS X","type":"releaseTitle","value":"\\b(dts[-_.: ]?x7?)\\b(?![-_. ]?(26[456]))","required":true},{"id":"not-flac-5","name":"Not FLAC","type":"releaseTitle","value":"\\bFLAC(\\b|\\d)","required":true},{"id":"not-aac-6","name":"Not AAC","type":"releaseTitle","value":"\\bAAC(\\b|\\d)","required":true},{"id":"not-pcm-7","name":"Not PCM","type":"releaseTitle","value":"\\b(l?)PCM(\\b|\\d)","required":true},{"id":"not-dts-hd-hra-es-8","name":"Not DTS-HD HRA/ES","type":"releaseTitle","value":"dts[-. ]?(es|(hd[. ]?)?(hr|hi))","required":true}]'::jsonb),
    ('67084559197ea10b6022e2650c594866', 'Dual Audio Asian', '[{"id":"dual-audio-0","name":"Dual Audio","type":"releaseTitle","value":"dual[ ._-]?audio|[([]dual[])]|(JA|ZH|KO)\\+EN|EN\\+(JA|ZH|KO)","required":true},{"id":"japanese-language-2","name":"Japanese Language","type":"language","value":"Japanese Language","required":false},{"id":"chinese-language-3","name":"Chinese Language","type":"language","value":"Chinese Language","required":false},{"id":"korean-language-4","name":"Korean Language","type":"language","value":"Korean Language","required":false}]'::jsonb, '[{"id":"not-single-language-only-1","name":"Not Single Language Only","type":"releaseTitle","value":"\\[(JA|ZH|KO)\\]","required":true}]'::jsonb),
    ('b23eae459cc960816f2d6ba84af45055', 'Dubs Only', '[{"id":"dubbed-0","name":"Dubbed","type":"releaseTitle","value":"^(?!.*(Dual|Multi)[-_. ]?Audio).*((?<!multi-)\\b(dub(bed)?)\\b|(funi|eng(lish)?)_?dub)","required":false},{"id":"golumpa-1","name":"Golumpa","type":"releaseTitle","value":"\\b(Golumpa)\\b","required":false},{"id":"kaidubs-not-dual-audio-2","name":"KaiDubs (Not Dual Audio)","type":"releaseTitle","value":"^(?!.*(dual[ ._-]?audio|[([]dual[])]|(JA|ZH|KO)\\+EN|EN\\+(JA|ZH|KO))).*\\b(KaiDubs)\\b","required":false},{"id":"kamifs-3","name":"KamiFS","type":"releaseTitle","value":"\\b(KamiFS)\\b","required":false},{"id":"ks-not-dual-audio-4","name":"KS (Not Dual Audio)","type":"releaseTitle","value":"^(?!.*(dual[ ._-]?audio|[([]dual[])]|(JA|ZH|KO)\\+EN|EN\\+(JA|ZH|KO))).*\\bKS\\b","required":false},{"id":"torenter69-5","name":"torenter69","type":"releaseTitle","value":"\\b(torenter69)\\b","required":false},{"id":"yameii-6","name":"Yameii","type":"releaseTitle","value":"\\[Yameii\\]|-Yameii\\b","required":false}]'::jsonb, '[]'::jsonb),
    ('f700d29429c023a5734505e77daeaea7', 'DV (Disk)', '[{"id":"framestor-0","name":"FraMeSToR","type":"releaseGroup","value":"\\b(FraMeSToR)\\b","required":true},{"id":"dv-1","name":"DV","type":"releaseTitle","value":"\\b(dv|dovi|dolby[ .]?v(ision)?)\\b","required":true}]'::jsonb, '[{"id":"no-fanres-2","name":"No FANRES","type":"releaseTitle","value":"\\b(FANRES)\\b","required":true},{"id":"not-hybrid-3","name":"Not Hybrid","type":"releaseTitle","value":"\\bhybrid(\\b|\\d)","required":true},{"id":"not-hybrid-release-group-4","name":"Not Hybrid Release Group","type":"releaseTitle","value":"-HYBRID","required":true}]'::jsonb),
    ('b337d6812e06c200ec9a2d3cfa9d20a7', 'DV Boost', '[{"id":"dv-0","name":"DV","type":"releaseTitle","value":"\\b(dv|dovi|dolby[ .]?v(ision)?)\\b","required":false}]'::jsonb, '[]'::jsonb),
    ('02e48d30a176c91baf9e15de05e5dc6a', 'FanSUB', '[{"id":"fansub-0","name":"FanSUB","type":"releaseTitle","value":"\\b(FanSUB)\\b","required":true}]'::jsonb, '[]'::jsonb),
    ('7f9b93f82b7e996391525f2be1d891e0', 'FastSUB', '[{"id":"fastsub-0","name":"FastSUB","type":"releaseTitle","value":"\\b(FastSUB)\\b","required":true}]'::jsonb, '[]'::jsonb),
    ('a570d4a0e56a2874b64e5bfa55202a1b', 'FLAC', '[{"id":"flac-0","name":"FLAC","type":"releaseTitle","value":"\\bFLAC(\\b|\\d)","required":true}]'::jsonb, '[{"id":"not-pcm-1","name":"Not PCM","type":"releaseTitle","value":"\\b(l?)PCM(\\b|\\d)","required":true},{"id":"not-aac-2","name":"Not AAC","type":"releaseTitle","value":"\\bAAC(\\b|\\d)","required":true},{"id":"not-dts-3","name":"Not DTS","type":"releaseTitle","value":"\\bDTS(\\b|\\d)","required":true},{"id":"not-truehd-atmos-4","name":"Not TrueHD/ATMOS","type":"releaseTitle","value":"True[ .-]?HD|\\bATMOS(\\b|\\d)","required":true},{"id":"not-basic-dolby-digital-5","name":"Not Basic Dolby Digital","type":"releaseTitle","value":"\\bDD[^a-z+]|(?<!e-)\\b(ac-?3)\\b","required":true},{"id":"not-dolby-digital-plus-6","name":"Not Dolby Digital Plus ","type":"releaseTitle","value":"\\bDD[P+]|\\b(e[-_. ]?ac-?3)\\b","required":true}]'::jsonb),
    ('e098247bc6652dd88c76644b275260ed', 'FLUX', '[{"id":"flux-0","name":"FLUX","type":"releaseGroup","value":"^(FLUX)$","required":true}]'::jsonb, '[]'::jsonb),
    ('917d1f2c845b2b466036b0cc2d7c72a3', 'FOD', '[{"id":"fod-0","name":"FOD","type":"releaseTitle","value":"\\b(fod)\\b","required":true},{"id":"webdl-1","name":"WEBDL","type":"source","value":"WEBDL","required":false},{"id":"webrip-2","name":"WEBRIP","type":"source","value":"WEBRIP","required":false}]'::jsonb, '[]'::jsonb),
    ('03520acbc5e46ce326be984534792d28', 'FR Anime Tier 01', '[{"id":"darki-0","name":"Darki","type":"releaseTitle","value":"\\b(Darki)\\b","required":false},{"id":"delivroozzi-1","name":"Delivroozzi","type":"releaseTitle","value":"\\b(Delivroozzi)\\b","required":false},{"id":"fuceo-2","name":"Fuceo","type":"releaseTitle","value":"\\b(Fuceo)\\b","required":false},{"id":"good-job-alexis-3","name":"Good Job! Alexis","type":"releaseTitle","value":"\\b(Good[ .-]?(Job|Rip|Sub)!?[ .-]?Alexis)\\b","required":false},{"id":"punisher694-4","name":"Punisher694","type":"releaseTitle","value":"\\b(Punisher694)\\b","required":false},{"id":"sr-71-5","name":"SR-71","type":"releaseTitle","value":"\\b(SR-71)\\b","required":false},{"id":"t3kashi-6","name":"T3KASHi","type":"releaseTitle","value":"\\b(T3KASHi)\\b","required":false},{"id":"tanoshii-7","name":"TANOSHii","type":"releaseTitle","value":"\\b(-TANOSHii)\\b","required":false},{"id":"tsundere-raws-8","name":"Tsundere-Raws","type":"releaseTitle","value":"\\b(Tsundere[ .-]?Raws)\\b","required":false}]'::jsonb, '[]'::jsonb),
    ('20393e1196752dc37b25b80dfd2f8f57', 'FR Anime Tier 02', '[{"id":"aoi-project-0","name":"Aoi-Project","type":"releaseTitle","value":"\\b(Aoi[ .-]?Project)\\b","required":false},{"id":"elecman-1","name":"Elecman","type":"releaseTitle","value":"\\b(Elecman)\\b","required":false},{"id":"fujisan-2","name":"FUJiSAN","type":"releaseTitle","value":"\\b(FUJiSAN)\\b","required":false},{"id":"gundamguy-3","name":"GundamGuy","type":"releaseTitle","value":"\\b(GundamGuy)\\b","required":false},{"id":"issoucorp-4","name":"IssouCorp","type":"releaseTitle","value":"\\b(IssouCorp)\\b","required":false},{"id":"kaf-5","name":"KAF","type":"releaseTitle","value":"\\b(KAF)\\b","required":false},{"id":"nagutos-6","name":"Nagutos","type":"releaseTitle","value":"\\b(Nagutos)\\b","required":false},{"id":"oecuf-7","name":"OECUF","type":"releaseTitle","value":"\\b(OECUF)\\b","required":false},{"id":"xspitfire911-8","name":"XSPITFIRE911","type":"releaseTitle","value":"\\b(XSPITFIRE911)\\b","required":false}]'::jsonb, '[]'::jsonb),
    ('9d2a63eda874b34e06e7a8cbea7ea639', 'FR Anime Tier 03', '[{"id":"blv-0","name":"BLV","type":"releaseTitle","value":"\\b(BLV)\\b","required":false},{"id":"d3t3r10r1ty-1","name":"D3T3R10R1TY","type":"releaseTitle","value":"\\b(D3T3R10R1TY)\\b","required":false},{"id":"galactic-2","name":"Galactic","type":"releaseTitle","value":"\\b(Galactic)\\b","required":false},{"id":"hanami-3","name":"HANAMi","type":"releaseTitle","value":"\\b(HANAMi)\\b","required":false},{"id":"kazuizui-4","name":"kazuizui","type":"releaseTitle","value":"\\b(kazui(zui)?)\\b","required":false},{"id":"khaya-5","name":"KHAYA","type":"releaseTitle","value":"\\b(KHAYA)\\b","required":false},{"id":"kushenthusiast-6","name":"KushEnthusiast","type":"releaseTitle","value":"\\b(KushEnthusiast)\\b","required":false},{"id":"matheousse-7","name":"matheousse","type":"releaseTitle","value":"\\b(matheousse)\\b","required":false},{"id":"monkey-d-lulu-8","name":"Monkey-D.Lulu","type":"releaseTitle","value":"\\b(Monkey[ .-]?D[ .-]?Lulu)\\b","required":false},{"id":"neosg-9","name":"NeoSG","type":"releaseTitle","value":"\\b(NeoSG)\\b","required":false},{"id":"ronin-10","name":"RONiN","type":"releaseTitle","value":"\\b(RONiN)\\b","required":false},{"id":"thefantastics-11","name":"TheFantastics","type":"releaseTitle","value":"\\b(TheFantastics)\\b","required":false},{"id":"ttn-12","name":"TTN","type":"releaseTitle","value":"\\b(TTN)\\b","required":false}]'::jsonb, '[]'::jsonb),
    ('57f34251344be2e283fc30e00e458be6', 'FR HD Bluray Tier 02', '[{"id":"bluray-0","name":"BLURAY","type":"source","value":"BLURAY","required":true},{"id":"hdforever-3","name":"HDForever","type":"releaseGroup","value":"^(HDForever)$","required":false},{"id":"heavyweight-4","name":"HeavyWeight","type":"releaseGroup","value":"^(HeavyWeight)$","required":false},{"id":"marblecake-5","name":"MARBLECAKE","type":"releaseGroup","value":"^(MARBLECAKE)$","required":false},{"id":"mysterion-6","name":"MYSTERiON","type":"releaseGroup","value":"^(MYSTERiON)$","required":false},{"id":"none-7","name":"NoNE","type":"releaseGroup","value":"^(NoNE)$","required":false},{"id":"only-8","name":"ONLY","type":"releaseGroup","value":"^(ONLY)$","required":false},{"id":"onlymovie-9","name":"ONLYMOViE","type":"releaseGroup","value":"^(ONLYMOViE)$","required":false},{"id":"tkhd-10","name":"TkHD","type":"releaseGroup","value":"^(TkHD)$","required":false},{"id":"utt-11","name":"UTT","type":"releaseGroup","value":"^(UTT)$","required":false}]'::jsonb, '[{"id":"not-remux-1","name":"Not Remux","type":"quality","value":"Remux","required":true},{"id":"not-2160p-2","name":"Not 2160p","type":"resolution","value":"2160","required":true}]'::jsonb),
    ('48f031e76111f17ea94898f4cdc34fdc', 'FR LQ', '[{"id":"ads-watermarks-0","name":"Ads/Watermarks","type":"releaseGroup","value":"\\b(Bandix|CZ\\d+|EXTREME|GA(Ï|I)A|HMiDiMADRiDi|Hush|KILLERMIX|LiBERTAD|LTa?TM|MONiCO|NEWCINE|R(PZ|ZP)|ShowFR|VERCLAM|ViKi47|Wawa-?(city|mania|porno)?|ZW)\\b","required":false},{"id":"bad-false-releases-1","name":"Bad/False releases","type":"releaseGroup","value":"\\b(ACOOL|AlioZ|ASPHiXiAS|AViTECH|AZAZE|Balibalo|BLABLASTREAM|DDLFRENCH(ORG)?|FERVEX|FReeZeR|GHOSTSPiRiT|GHZ|GLaDOS|GZR|HEVCBay|JiHeff|KR4K3N|Matmatha|MKVXTEAM|Monchat|NLX5|NOMAD|NORRIS|PiCKLES|PREUMS|qctimb3rlandqc|ReBoT|ROLLED|SCREEN|SHiFT|SKRiN|TicaDow|Tokushi|Tonyk|TOXIC|TUTUTE|UNiKORN|Zombie)\\b","required":false},{"id":"detag-retag-2","name":"DeTAG/ReTAG","type":"releaseGroup","value":"\\b((Cpasbien|CPB)|ANONA|AT|bigZT|Boheme|BOL|CINeHD|Cortex91|DOLL4R|Dread[ .-]?Team|Dropse|EZTV([ ._-]re)?|FGT|Firetown|FUN|HDMIDIMADRIDI|JetAnime|L-?O-?L|NewZT|NG|RARBG|STVFRV|SubZero|T9|Time2Watch|TIREXO|Torrent9|WebAnime|YIFY|YTS|ZONE|ZT)\\b","required":false},{"id":"other-reasons-3","name":"Other reasons","type":"releaseGroup","value":"\\b(AKLHD|ARKRiL|BossBaby|Champion9|Copycomic|CR4ZYTiME|EASPORTS|EliteT|FUNKKY|FZTeam|GOBO2S|HD2|LION|LMPS|LNA3d|MACK4|MeMyl|METALLIKA|MGD|Moorea81|Moviz|Muxman|Mystic|MZC|MZi?SYS|N3TFL1X|NoelMaison|nutella|OMERTA|Papaya|PIKACHU|PULSE|Q7|RELiC|SANCTUAIRE|SHARKS|SP3CTR|Spow|STR4NGE|TeamSuW|TORRiD|TSN999|TVPSLO|Upmix|VATFER|Wakanim|WaNeZt|WINCHESTER|WITA)\\b","required":false}]'::jsonb, '[]'::jsonb),
    ('9019d81307e68cd4a7eb06a567e833b8', 'FR Remux Tier 02', '[{"id":"remux-0","name":"Remux","type":"quality","value":"Remux","required":true},{"id":"bdhd-1","name":"BDHD","type":"releaseGroup","value":"^(BDHD)$","required":false},{"id":"ftli-2","name":"FtLi","type":"releaseGroup","value":"^(FtLi)$","required":false},{"id":"goldenyann-3","name":"Goldenyann","type":"releaseGroup","value":"^(Goldenyann)$","required":false},{"id":"heavyweight-4","name":"HeavyWeight","type":"releaseGroup","value":"^(HeavyWeight)$","required":false},{"id":"ktm-5","name":"KTM","type":"releaseGroup","value":"^(KTM)$","required":false},{"id":"marblecake-6","name":"MARBLECAKE","type":"releaseGroup","value":"^(MARBLECAKE)$","required":false},{"id":"mustang-7","name":"MUSTANG","type":"releaseGroup","value":"^(MUSTANG)$","required":false},{"id":"obi-8","name":"Obi","type":"releaseGroup","value":"^(Obi)$","required":false},{"id":"pepite-9","name":"PEPiTE","type":"releaseGroup","value":"^(PEPiTE)$","required":false},{"id":"quebec63-10","name":"QUEBEC63","type":"releaseGroup","value":"^(Q(UEBE)?C63)$","required":false},{"id":"romkent-11","name":"ROMKENT","type":"releaseGroup","value":"^(ROMKENT)$","required":false}]'::jsonb, '[]'::jsonb),
    ('64f8f12bbf7472a6ccf838bfd6b5e3e8', 'FR UHD Bluray Tier 01', '[{"id":"flop-0","name":"FLOP","type":"releaseGroup","value":"^(FLOP)$","required":false},{"id":"fraternity-1","name":"FRATERNiTY","type":"releaseGroup","value":"^(FRATERNiTY)$","required":false},{"id":"fox-2","name":"FoX","type":"releaseGroup","value":"^(FoX)$","required":false},{"id":"psaro-3","name":"Psaro","type":"releaseGroup","value":"^(Psaro)$","required":false},{"id":"2160p-4","name":"2160p","type":"resolution","value":"2160","required":true}]'::jsonb, '[{"id":"not-remux-5","name":"Not REMUX","type":"quality","value":"REMUX","required":true},{"id":"not-sdr-6","name":"Not SDR","type":"releaseTitle","value":"\\bSDR\\b","required":true},{"id":"not-webdl-7","name":"Not WEBDL","type":"source","value":"WEBDL","required":true},{"id":"not-webrip-8","name":"Not WEBRIP","type":"source","value":"WEBRIP","required":true}]'::jsonb),
    ('0dcf0c8a386d82e3f2d424189af14065', 'FR UHD Bluray Tier 02', '[{"id":"dustin-0","name":"DUSTiN","type":"releaseGroup","value":"^(DUSTiN)$","required":false},{"id":"fck-1","name":"FCK","type":"releaseGroup","value":"^(FCK)$","required":false},{"id":"friends-2","name":"FrIeNdS","type":"releaseGroup","value":"^(FrIeNdS)$","required":false},{"id":"quality-3","name":"QUALiTY","type":"releaseGroup","value":"^(QUALiTY)$","required":false},{"id":"2160p-4","name":"2160p","type":"resolution","value":"2160","required":true}]'::jsonb, '[{"id":"not-remux-5","name":"Not REMUX","type":"quality","value":"REMUX","required":true},{"id":"not-sdr-6","name":"Not SDR","type":"releaseTitle","value":"\\bSDR\\b","required":true},{"id":"not-webdl-7","name":"Not WEBDL","type":"source","value":"WEBDL","required":true},{"id":"not-webrip-8","name":"Not WEBRIP","type":"source","value":"WEBRIP","required":true}]'::jsonb),
    ('dbfc0a4b5cb4cbd693311c4482ae9683', 'FR WEB Tier 03', '[{"id":"webdl-0","name":"WEBDL","type":"source","value":"WEBDL","required":false},{"id":"webrip-1","name":"WEBRIP","type":"source","value":"WEBRIP","required":false},{"id":"ark01-2","name":"ARK01","type":"releaseGroup","value":"^(ARK01)$","required":false},{"id":"brad-3","name":"BraD","type":"releaseGroup","value":"^(BraD)$","required":false},{"id":"druide-4","name":"dRuIdE","type":"releaseGroup","value":"^(dRuIdE)$","required":false},{"id":"ftmvhd-5","name":"FTMVHD","type":"releaseGroup","value":"^(FTMVHD)$","required":false},{"id":"lazarus-6","name":"LAZARUS","type":"releaseGroup","value":"^(LAZARUS)$","required":false},{"id":"mysterion-7","name":"MYSTERiON","type":"releaseGroup","value":"^(MYSTERiON)$","required":false},{"id":"scaph-8","name":"Scaph","type":"releaseGroup","value":"^(Scaph)$","required":false},{"id":"wacks-9","name":"WaCkS","type":"releaseGroup","value":"^(WaCkS)$","required":false},{"id":"wqm-10","name":"WQM","type":"releaseGroup","value":"^(WQM)$","required":false}]'::jsonb, '[]'::jsonb),
    ('ff5bc9e8ce91d46c997ca3ac6994d6f8', 'FraMeSToR', '[{"id":"framestor-0","name":"FraMeSToR","type":"releaseGroup","value":"^(FraMeSToR)$","required":true}]'::jsonb, '[]'::jsonb),
    ('0d91270a7255a1e388fa85e959f359d8', 'FreeLeech', '[{"id":"freeleech-0","name":"FreeLeech","type":"indexerFlag","value":"FreeLeech","required":false}]'::jsonb, '[]'::jsonb),
    ('d9e2c70e855131799525cab2a80d4414', 'friDay', '[{"id":"friday-0","name":"friDay","type":"releaseTitle","value":"\\b(friDay)\\b(?=[ ._-]web[ ._-]?(dl|rip)\\b)","required":true},{"id":"webdl-1","name":"WEBDL","type":"source","value":"WEBDL","required":false},{"id":"webrip-2","name":"WEBRIP","type":"source","value":"WEBRIP","required":false}]'::jsonb, '[]'::jsonb),
    ('e6886871085226c3da1830830146846c', 'Generated Dynamic HDR', '[{"id":"bitor-0","name":"BiTOR","type":"releaseGroup","value":"^(BiTOR)$","required":false},{"id":"depraved-1","name":"DepraveD","type":"releaseGroup","value":"^(DepraveD)$","required":false},{"id":"flights-2","name":"Flights","type":"releaseGroup","value":"^(Flights)$","required":false},{"id":"guyzo-3","name":"GuyZo","type":"releaseGroup","value":"^(GuyZo|BR-GuyZo)$","required":false},{"id":"sasukeduck-4","name":"SasukeducK","type":"releaseGroup","value":"^(SasukeducK)$","required":false},{"id":"tarunk9c-5","name":"tarunk9c","type":"releaseGroup","value":"^(tarunk9c)$","required":false},{"id":"vd0n-6","name":"VD0N","type":"releaseGroup","value":"^(VD0N)$","required":false},{"id":"vector-7","name":"VECTOR","type":"releaseGroup","value":"^(VECTOR)$","required":false},{"id":"visionxpert-8","name":"VisionXpert","type":"releaseGroup","value":"^(VisionXpert)$","required":false},{"id":"hdr10-9","name":"HDR10+","type":"releaseTitle","value":"\\bHDR10(\\+|P(lus)?\\b)","required":false},{"id":"dv-10","name":"DV","type":"releaseTitle","value":"\\b(dv|dovi|dolby[ .]?v(ision)?)\\b","required":false}]'::jsonb, '[]'::jsonb),
    ('86bc3115eb4e9873ac96904a4a68e19e', 'German', '[{"id":"german-0","name":"German","type":"language","value":"German","required":true}]'::jsonb, '[{"id":"not-original-1","name":"NOT Original","type":"language","value":"NOT Original","required":true},{"id":"dl-2","name":"DL","type":"releaseTitle","value":"(?<!WEB[-_. ]?)\\b(DL)\\b","required":true},{"id":"ml-3","name":"ML","type":"releaseTitle","value":"\\b(ML)\\b","required":true},{"id":"not-subbed-4","name":"Not Subbed","type":"releaseTitle","value":"(?=.*(German|Ger))(?=.*(Sub|Multi(ple)?Sub))","required":true}]'::jsonb),
    ('3bc8df3a71baaac60a31ef696ea72d36', 'German 1080p Booster', '[{"id":"german-0","name":"German","type":"language","value":"German","required":true},{"id":"original-language-1","name":"Original Language","type":"language","value":"Original Language","required":true},{"id":"1080p-2","name":"1080p","type":"resolution","value":"1080","required":true}]'::jsonb, '[]'::jsonb),
    ('cc7b1e64e2513a6a271090cdfafaeb55', 'German 2160p Booster', '[{"id":"german-0","name":"German","type":"language","value":"German","required":true},{"id":"original-language-1","name":"Original Language","type":"language","value":"Original Language","required":true},{"id":"2160p-2","name":"2160p","type":"resolution","value":"2160","required":true}]'::jsonb, '[]'::jsonb),
    ('97572e721cc2dc21ee696d716dede779', 'German Anime Web Tier 03', '[{"id":"subaru-0","name":"SUBARU","type":"releaseGroup","value":"^(SUBARU)$","required":false},{"id":"atax-1","name":"ATAX","type":"releaseGroup","value":"^(ATAX)$","required":false},{"id":"hdc-2","name":"HDC","type":"releaseGroup","value":"^(HDC)$","required":false},{"id":"mindus-3","name":"Mindus","type":"releaseGroup","value":"^(Mindus)$","required":false},{"id":"w33bshit-4","name":"W33BSHiT","type":"releaseGroup","value":"^(W33BSHiT)$","required":false},{"id":"fuuko-5","name":"Fuuko","type":"releaseGroup","value":"^(Fuuko)$","required":false},{"id":"waechter-6","name":"Waechter","type":"releaseGroup","value":"^(Waechter)$","required":false},{"id":"otaku-7","name":"Otaku","type":"releaseGroup","value":"^(Otaku)$","required":false},{"id":"4baka-8","name":"4Baka","type":"releaseGroup","value":"^(4Baka)$","required":false},{"id":"webdl-9","name":"WebDL","type":"source","value":"WEBDL","required":false},{"id":"webrip-10","name":"WebRip","type":"source","value":"WEBRIP","required":false}]'::jsonb, '[]'::jsonb),
    ('f845be10da4f442654c13e1f2c3d6cd5', 'German DL', '[{"id":"german-0","name":"German","type":"language","value":"German","required":true},{"id":"original-language-1","name":"Original Language","type":"language","value":"Original Language","required":true}]'::jsonb, '[]'::jsonb),
    ('6aad77771dabe9d3e9d7be86f310b867', 'German DL (undefined)', '[{"id":"german-1","name":"German","type":"language","value":"German","required":true},{"id":"dl-2","name":"DL","type":"releaseTitle","value":"(?<!WEB[-_. ]?)\\b(DL)\\b","required":false},{"id":"ml-3","name":"ML","type":"releaseTitle","value":"\\b(ML)\\b","required":false}]'::jsonb, '[{"id":"not-original-language-0","name":"NOT Original Language","type":"language","value":"NOT Original Language","required":true}]'::jsonb),
    ('a826ee9e46607bc61795c85a6f2b1279', 'German LQ (release title)', '[{"id":"tvs-ituneshd-0","name":"TVS iTunesHD","type":"releaseTitle","value":"([._-])iTunes(?:HD|SD)?\\1.+?-TVS$","required":false},{"id":"jellyfin-plex-1","name":"Jellyfin-Plex","type":"releaseTitle","value":"Jellyfin-Plex$","required":false},{"id":"double-german-tag-2","name":"Double German Tag","type":"releaseTitle","value":"[._-]German[._-].+?[._-]?German$","required":false}]'::jsonb, '[]'::jsonb),
    ('ee425f921dd740621523343bffe82fa3', 'German Subbed', '[{"id":"german-subbed-0","name":"German Subbed","type":"releaseTitle","value":"\\b(German|Ger)(?:(?!Dub)[a-zA-Z\\.\\-_ ])*?(?:Sub(?:bed|s)?|OmU)(?:\\b|(?=_))","required":true}]'::jsonb, '[{"id":"not-german-1","name":"Not German","type":"language","value":"German","required":true},{"id":"not-german-dubbed-2","name":"Not German Dubbed","type":"releaseTitle","value":"\\b(German|Ger)(?:[\\.\\-_]+(?:[a-zA-Z0-9]+[\\.\\-_]+){0,3})?(?:DL|ML)\\b|\\b(Ger|German)[a-zA-Z\\.\\-_]*[a-zA-Z][a-zA-Z\\.\\-_]*Dub(?:bed)?\\b","required":true}]'::jsonb),
    ('7a0d1ad358fee9f5b074af3ef3f9d9ef', 'hallowed', '[{"id":"hallowed-0","name":"hallowed","type":"releaseGroup","value":"^(hallowed)$","required":true}]'::jsonb, '[]'::jsonb),
    ('7102f809eb01bd66352573805a74731a', 'Hami', '[{"id":"hami-0","name":"Hami","type":"releaseTitle","value":"\\b(hami|HamiVideo)\\b","required":true},{"id":"webdl-1","name":"WEBDL","type":"source","value":"WEBDL","required":false},{"id":"webrip-2","name":"WEBRIP","type":"source","value":"WEBRIP","required":false}]'::jsonb, '[]'::jsonb),
    ('509e5f41146e278f9eab1ddaceb34515', 'HBO', '[{"id":"hbo-0","name":"HBO","type":"releaseTitle","value":"\\b(hbo)(?![ ._-]max)\\b(?=[ ._-]web[ ._-]?(dl|rip)\\b)","required":false},{"id":"hbo-rename-1","name":"HBO Rename","type":"releaseTitle","value":"\\[(HBO)\\b|\\b(HBO)\\]","required":false},{"id":"webdl-2","name":"WEBDL","type":"source","value":"WEBDL","required":false},{"id":"webrip-3","name":"WEBRIP","type":"source","value":"WEBRIP","required":false}]'::jsonb, '[]'::jsonb),
    ('5608c71bcebba0a5e666223bae8c9227', 'HD Bluray Tier 03', '[{"id":"bluray-0","name":"BLURAY","type":"source","value":"BLURAY","required":true},{"id":"bhdstudio-3","name":"BHDStudio","type":"releaseGroup","value":"^(BHDStudio)$","required":false},{"id":"hallowed-4","name":"hallowed","type":"releaseGroup","value":"^(hallowed)$","required":false},{"id":"hifi-5","name":"HiFi","type":"releaseGroup","value":"^(HiFi)$","required":false},{"id":"hone-6","name":"HONE","type":"releaseGroup","value":"^(HONE)$","required":false},{"id":"lord-7","name":"LoRD","type":"releaseGroup","value":"^(LoRD)$","required":false},{"id":"playhd-8","name":"playHD","type":"releaseGroup","value":"^(playHD)$","required":false},{"id":"sphd-9","name":"SPHD","type":"releaseGroup","value":"^(SPHD)$","required":false},{"id":"w4nk3r-10","name":"W4NK3R","type":"releaseGroup","value":"^(W4NK3R)$","required":false}]'::jsonb, '[{"id":"not-remux-1","name":"Not REMUX","type":"quality","value":"REMUX","required":true},{"id":"not-2160p-2","name":"Not 2160p","type":"resolution","value":"2160","required":true}]'::jsonb),
    ('218e93e5702f44a68ad9e3c6ba87d2f0', 'HD Streaming Boost', '[{"id":"disney-0","name":"Disney+","type":"releaseTitle","value":"\\b(dsnp|dsny|disney|Disney\\+)\\b","required":false},{"id":"webdl-1","name":"WEBDL","type":"source","value":"WEBDL","required":false},{"id":"webrip-2","name":"WEBRIP","type":"source","value":"WEBRIP","required":false},{"id":"1080p-3","name":"1080p","type":"resolution","value":"1080","required":true}]'::jsonb, '[]'::jsonb),
    ('493b6d1dbec3c3364c59d7607f7e3405', 'HDR', '[{"id":"dv-with-hdr10-fallback-0","name":"DV With HDR10 fallback","type":"releaseTitle","value":"^(?=.*\\b(dv|dovi|dolby[ .]?v(ision)?)\\b)(?!(?=.*\\b(WEB[ ._-]?(DL|Rip)?)\\b)(?!.*\\b(hulu)\\b))","required":false},{"id":"hdr-1","name":"HDR","type":"releaseTitle","value":"\\b(HDR)\\b","required":false},{"id":"hdr10-2","name":"HDR10","type":"releaseTitle","value":"\\b(HDR10(?![+]|P(lus)?))","required":false},{"id":"hdr10-3","name":"HDR10+","type":"releaseTitle","value":"\\b(HDR10(?=[+]|P(lus)?))","required":false},{"id":"hlg-4","name":"HLG","type":"releaseTitle","value":"\\b(HLG)\\b","required":false},{"id":"pq-5","name":"PQ","type":"releaseTitle","value":"\\b(PQ)\\b","required":false},{"id":"rlsgrp-missing-hdr-6","name":"RlsGrp (Missing HDR)","type":"releaseTitle","value":"^(?=.*\\b(FraMeSToR|HQMUX|SiCFoI)\\b)(?=.*\\b(2160p)\\b)(?!.*\\b(HDR10([+]|P(lus)?)))(?!.*\\b(SDR)\\b).*","required":false}]'::jsonb, '[]'::jsonb),
    ('caa37d0df9c348912df1fb1d88f9273a', 'HDR10+ Boost', '[{"id":"hdr10-0","name":"HDR10+","type":"releaseTitle","value":"\\b(HDR10(?=[+]|P(lus)?))","required":false}]'::jsonb, '[]'::jsonb),
    ('73613461ac2cea99d52c4cd6e177ab82', 'HFR', '[{"id":"hfr-0","name":"HFR","type":"releaseTitle","value":"\\b(HFR)\\b","required":true}]'::jsonb, '[]'::jsonb),
    ('570b03b3145a25011bf073274a407259', 'HIDIVE', '[{"id":"webdl-0","name":"WEBDL","type":"source","value":"WEBDL","required":false},{"id":"webrip-1","name":"WEBRIP","type":"source","value":"WEBRIP","required":false},{"id":"web-2","name":"WEB","type":"source","value":"TELEVISION","required":false},{"id":"hidive-3","name":"HIDIVE","type":"releaseTitle","value":"\\b(HIDI(VE)?)\\b","required":true}]'::jsonb, '[]'::jsonb),
    ('9364dd386c9b4a1100dde8264690add7', 'HLG', '[{"id":"hlg-0","name":"HLG","type":"releaseTitle","value":"\\b(HLG)\\b","required":true}]'::jsonb, '[{"id":"not-hdr10-1","name":"Not HDR10+","type":"releaseTitle","value":"\\bHDR10(\\+|P(lus)?\\b)","required":true},{"id":"not-hdr10-2","name":"Not HDR10","type":"releaseTitle","value":"\\bHDR10(?!\\+|Plus)\\b","required":true},{"id":"not-pq-3","name":"Not PQ","type":"releaseTitle","value":"\\b(PQ)\\b","required":true}]'::jsonb),
    ('5763d1b0ce84aff3b21038eea8e9b8ad', 'HMAX', '[{"id":"hbo-max-0","name":"HBO Max","type":"releaseTitle","value":"\\b(hmax|hbom|hbo[ ._-]?max)\\b(?=[ ._-]web[ ._-]?(dl|rip)\\b)","required":false},{"id":"hmax-rename-1","name":"HMAX Rename","type":"releaseTitle","value":"\\[(HMAX)\\b|\\b(HMAX)\\]","required":false},{"id":"webdl-2","name":"WEBDL","type":"source","value":"WEBDL","required":false},{"id":"webrip-3","name":"WEBRIP","type":"source","value":"WEBRIP","required":false}]'::jsonb, '[]'::jsonb),
    ('834b2c0ba0a8596029b4479a29e1a032', 'HTSR', '[{"id":"hotstar-0","name":"Hotstar","type":"releaseTitle","value":"\\b(HTSR|DSNPHS|HS)\\b","required":true},{"id":"webdl-1","name":"WEBDL","type":"source","value":"WEBDL","required":false},{"id":"webrip-2","name":"WEBRIP","type":"source","value":"WEBRIP","required":false}]'::jsonb, '[]'::jsonb),
    ('526d445d4c16214309f0fd2b3be18a89', 'Hulu', '[{"id":"hulu-0","name":"Hulu","type":"releaseTitle","value":"\\b(hulu)\\b","required":true},{"id":"webdl-1","name":"WEBDL","type":"source","value":"WEBDL","required":false},{"id":"webrip-2","name":"WEBRIP","type":"source","value":"WEBRIP","required":false}]'::jsonb, '[]'::jsonb),
    ('eecf3a857724171f968a66cb5719e152', 'IMAX', '[{"id":"imax-0","name":"IMAX","type":"releaseTitle","value":"\\b((?<!NON[ ._-])IMAX)\\b","required":true}]'::jsonb, '[{"id":"not-imax-enhanced-1","name":"NOT: IMAX Enhanced","type":"releaseTitle","value":"^(?=.*\\b((DSNP|BC|B?CORE)\\b|Disney\\+)(?=.*\\bWEB[ ._-]?(DL|Rip)\\b))(?=.*\\b((?<!NON[ ._-])IMAX)\\b)|^(?=.*\\b(IMAX[ ._-]Enhanced)\\b)","required":true}]'::jsonb),
    ('9f6cbff8cfe4ebbc1bde14c7b7bec0de', 'IMAX Enhanced', '[{"id":"imax-enhanced-0","name":"IMAX Enhanced","type":"releaseTitle","value":"^(?=.*\\b((DSNP|BC|B?CORE)\\b|Disney\\+)(?=.*\\bWEB[ ._-]?(DL|Rip)\\b))(?=.*\\b((?<!NON[ ._-])IMAX)\\b)|^(?=.*\\b(IMAX[ ._-]Enhanced)\\b)","required":true}]'::jsonb, '[]'::jsonb),
    ('182fa1c42a2468f8488e6dcf75a81b81', 'INTERNAL', '[{"id":"internal-0","name":"INTERNAL","type":"releaseTitle","value":"\\b(INTERNAL)\\b","required":false}]'::jsonb, '[]'::jsonb),
    ('6185878161f1e2eef9cd0641a0d09eae', 'IP', '[{"id":"bbc-iplayer-0","name":"BBC iPlayer","type":"releaseTitle","value":"\\b(ip|iplayer)\\b","required":true},{"id":"webdl-1","name":"WEBDL","type":"source","value":"WEBDL","required":false},{"id":"webrip-2","name":"WEBRIP","type":"source","value":"WEBRIP","required":false}]'::jsonb, '[]'::jsonb),
    ('203a756cc50e67ee050f646eb15a1da0', 'iQIY', '[{"id":"iqiy-0","name":"iQIY","type":"releaseTitle","value":"\\b(IQIY|IQ|iQIYI)\\b(?=[ ._-]web[ ._-]?(dl|rip)\\b)","required":true},{"id":"webdl-1","name":"WEBDL","type":"source","value":"WEBDL","required":false},{"id":"webrip-2","name":"WEBRIP","type":"source","value":"WEBRIP","required":false}]'::jsonb, '[]'::jsonb),
    ('e0ec9672be6cac914ffad34a6b077209', 'iT', '[{"id":"itunes-0","name":"iTunes","type":"releaseTitle","value":"\\b(it|itunes)\\b(?=[ ._-]web[ ._-]?(dl|rip)\\b)","required":false},{"id":"it-rename-1","name":"iT Rename","type":"releaseTitle","value":"\\[(iT)(?![+])\\b|\\b(?<![+])(iT)\\]","required":false},{"id":"webdl-2","name":"WEBDL","type":"source","value":"WEBDL","required":false},{"id":"webrip-3","name":"WEBRIP","type":"source","value":"WEBRIP","required":false}]'::jsonb, '[]'::jsonb),
    ('c3492a26af412e385404eade438ec51c', 'ITVX', '[{"id":"itvx-0","name":"ITVX","type":"releaseTitle","value":"\\b(ITVX?)\\b[ ._-]web[ ._-]?(dl|rip)?\\b","required":false},{"id":"itvx-rename-1","name":"ITVX Rename","type":"releaseTitle","value":"\\[(ITVX)\\b|\\b(ITVX)\\]","required":false},{"id":"webdl-2","name":"WEBDL","type":"source","value":"WEBDL","required":false},{"id":"webrip-3","name":"WEBRIP","type":"source","value":"WEBRIP","required":false}]'::jsonb, '[]'::jsonb),
    ('41ad0687b0d469346adedfddee7f5f98', 'KCW', '[{"id":"kcw-0","name":"KCW","type":"releaseTitle","value":"\\b(KCW|KOCOWA)\\b","required":true},{"id":"webdl-1","name":"WEBDL","type":"source","value":"WEBDL","required":false},{"id":"webrip-2","name":"WEBRIP","type":"source","value":"WEBRIP","required":false}]'::jsonb, '[]'::jsonb),
    ('e048c45be447e3248ac2200161993078', 'KKTV', '[{"id":"kktv-0","name":"KKTV","type":"releaseTitle","value":"\\b(KKTV)\\b","required":true},{"id":"webdl-1","name":"WEBDL","type":"source","value":"WEBDL","required":false},{"id":"webrip-2","name":"WEBRIP","type":"source","value":"WEBRIP","required":false}]'::jsonb, '[]'::jsonb),
    ('0dc8aec3bd1c47cd6c40c46ecd27e846', 'Language: Not English', '[]'::jsonb, '[{"id":"not-english-language-0","name":"Not English Language","type":"language","value":"English Language","required":false}]'::jsonb),
    ('533f782474f0819643c2ec0c1eeeb0ac', 'Language: Not French', '[]'::jsonb, '[{"id":"not-french-language-0","name":"Not French Language","type":"language","value":"French Language","required":false}]'::jsonb),
    ('d6e9318c875905d6cfb5bee961afcea9', 'Language: Not Original', '[]'::jsonb, '[{"id":"not-original-language-0","name":"Not Original Language","type":"language","value":"Original Language","required":false}]'::jsonb),
    ('0542a48746585dc4444bbbb8a6bdf6ea', 'Language: Original + French', '[{"id":"original-language-0","name":"Original Language","type":"language","value":"Original Language","required":true},{"id":"french-language-1","name":"French Language","type":"language","value":"French Language","required":true},{"id":"multi-2","name":"MULTi","type":"releaseTitle","value":"\\b(MULTi)(\\b|\\d)","required":true}]'::jsonb, '[]'::jsonb),
    ('c465ccc73923871b3eb1802042331306', 'Line/Mic Dubbed', '[{"id":"line-dubbed-0","name":"Line Dubbed","type":"releaseTitle","value":"\\b(LD|AC3LD|Line[ .-]?Dubbed)\\b","required":false},{"id":"mic-dubbed-1","name":"Mic Dubbed","type":"releaseTitle","value":"\\b(MD|AC3MD|Mic[ .-]?Dubbed)\\b","required":false}]'::jsonb, '[]'::jsonb),
    ('89e533a9c418b22dc993d9695f0e38bd', 'LINETV', '[{"id":"linetv-0","name":"LINETV","type":"releaseTitle","value":"\\b(LINETV)\\b","required":true},{"id":"webdl-1","name":"WEBDL","type":"source","value":"WEBDL","required":false},{"id":"webrip-2","name":"WEBRIP","type":"source","value":"WEBRIP","required":false}]'::jsonb, '[]'::jsonb),
    ('2a6039655313bf5dab1e43523b62c374', 'MA', '[{"id":"movies-anywhere-0","name":"Movies Anywhere","type":"releaseTitle","value":"(?<!dts[ .-]?hd[ .-]?)\\b(ma|ykw)\\b(?=.*\\bweb[ ._-]?(dl|rip)\\b)","required":true}]'::jsonb, '[]'::jsonb),
    ('8016f2f66e751dea613e6b5b94bf633c', 'MainFrame', '[{"id":"mainframe-0","name":"MainFrame","type":"releaseGroup","value":"^(MainFrame)$","required":true},{"id":"2160p-1","name":"2160p","type":"resolution","value":"2160","required":true}]'::jsonb, '[]'::jsonb),
    ('9d27d9d2181838f76dee150882bdc58c', 'Masters of Cinema', '[{"id":"masters-of-cinema-0","name":"Masters of Cinema","type":"releaseTitle","value":"\\b(Masters[ .-]?Of[ .-]?Cinema)(\\b|\\d)","required":false},{"id":"moc-1","name":"MoC","type":"releaseTitle","value":"\\b(MoC)\\b","required":false}]'::jsonb, '[]'::jsonb),
    ('6a061313d22e51e0f25b7cd4dc065233', 'MAX', '[{"id":"max-0","name":"Max","type":"releaseTitle","value":"\\b((?<!hbo[ ._-])max)\\b(?=[ ._-]web[ ._-]?(dl|rip)\\b)","required":false},{"id":"max-rename-1","name":"MAX Rename","type":"releaseTitle","value":"\\[(MAX)\\b|\\b(MAX)\\]","required":false},{"id":"webdl-2","name":"WEBDL","type":"source","value":"WEBDL","required":false},{"id":"webrip-3","name":"WEBRIP","type":"source","value":"WEBRIP","required":false}]'::jsonb, '[]'::jsonb),
    ('6ba9033150e7896bdc9ec4b44f2b230f', 'MP3', '[{"id":"mp3-0","name":"MP3","type":"releaseTitle","value":"mp3","required":true}]'::jsonb, '[]'::jsonb),
    ('ff86c4326018682f817830ced463332b', 'MPEG2', '[{"id":"mpeg2-0","name":"MPEG2","type":"releaseTitle","value":"MPEG[-.]?2","required":true}]'::jsonb, '[]'::jsonb),
    ('4b900e171accbfb172729b63323ea8ca', 'MULTi', '[{"id":"multi-0","name":"Multi","type":"releaseTitle","value":"\\b(Multi)(?![ ._-]?sub(s)?)(\\b|\\d)","required":true}]'::jsonb, '[]'::jsonb),
    ('4a20cfb76b5f92a8ca22b894b32e71be', 'Multi-Episode', '[{"id":"multi-episode-0","name":"Multi-Episode","type":"releaseType","value":"Multi-Episode","required":false}]'::jsonb, '[]'::jsonb),
    ('eacd2cb6c6d4a93e459df2cec6d7b97a', 'MY5', '[{"id":"my5-0","name":"My5","type":"releaseTitle","value":"\\b(MY5)\\b","required":true},{"id":"webdl-1","name":"WEBDL","type":"source","value":"WEBDL","required":false},{"id":"webrip-2","name":"WEBRIP","type":"source","value":"WEBRIP","required":false}]'::jsonb, '[]'::jsonb),
    ('f27d46a831e6b16fa3fee2c4e5d10984', 'MyCANAL', '[{"id":"webdl-0","name":"WEBDL","type":"source","value":"WEBDL","required":false},{"id":"webrip-1","name":"WEBRIP","type":"source","value":"WEBRIP","required":false},{"id":"canal-2","name":"CANAL+","type":"releaseTitle","value":"\\b(C(?:anal)?[ .-]?(Plus|\\+))[ .]","required":false},{"id":"mycanal-3","name":"MyCANAL","type":"releaseTitle","value":"\\b(MyCANAL)\\b","required":false}]'::jsonb, '[{"id":"not-mycanal-rlsgrp-4","name":"Not MyCanal RlsGrp","type":"releaseGroup","value":"\\b(MyCanal)\\b","required":true}]'::jsonb),
    ('35c398e07fa34a626c39d998c4a2d9f1', 'MyTVSuper', '[{"id":"mytvsuper-0","name":"MyTVSuper","type":"releaseTitle","value":"\\b(MyTVSuper)\\b","required":true},{"id":"webdl-1","name":"WEBDL","type":"source","value":"WEBDL","required":false},{"id":"webrip-2","name":"WEBRIP","type":"source","value":"WEBRIP","required":false}]'::jsonb, '[]'::jsonb),
    ('170b1d363bd8516fbf3a3eb05d4faff6', 'NF', '[{"id":"netflix-0","name":"Netflix","type":"releaseTitle","value":"\\b(nf|netflix(u?hd)?)\\b","required":true},{"id":"webdl-1","name":"WEBDL","type":"source","value":"WEBDL","required":false},{"id":"webrip-2","name":"WEBRIP","type":"source","value":"WEBRIP","required":false}]'::jsonb, '[]'::jsonb),
    ('b2b980877494b560443631eb1f473867', 'NLZ', '[{"id":"nlziet-0","name":"NLZiet","type":"releaseTitle","value":"\\b(nlz|NLZiet)\\b","required":true},{"id":"webdl-1","name":"WEBDL","type":"source","value":"WEBDL","required":false},{"id":"webrip-2","name":"WEBRIP","type":"source","value":"WEBRIP","required":false}]'::jsonb, '[]'::jsonb),
    ('ae9b7c9ebde1f3bd336a8cbd1ec4c5e5', 'No-RlsGroup', '[]'::jsonb, '[{"id":"no-parsed-group-0","name":"No Parsed Group","type":"releaseGroup","value":".","required":false}]'::jsonb),
    ('4eadb75fb23d09dfc0a8e3f687e72287', 'Not German or English', '[]'::jsonb, '[{"id":"not-english-language-0","name":"Not English Language","type":"language","value":"English Language","required":true},{"id":"not-german-language-1","name":"Not German Language","type":"language","value":"German Language","required":true},{"id":"not-german-in-title-2","name":"Not German in Title","type":"releaseTitle","value":"(?i)\\bgerman\\b","required":true}]'::jsonb),
    ('532c4a41c94ae0f77c745ae478883c44', 'Not German, Japanese or English', '[]'::jsonb, '[{"id":"not-english-language-0","name":"Not English Language","type":"language","value":"English Language","required":true},{"id":"not-japanese-language-1","name":"Not Japanese Language","type":"language","value":"Japanese Language","required":true},{"id":"not-german-language-2","name":"Not German Language","type":"language","value":"German Language","required":true},{"id":"not-german-in-title-3","name":"Not German in Title","type":"releaseTitle","value":"(?i)\\bgerman\\b","required":true}]'::jsonb),
    ('9a8f58fae5df94783c214c0ed63f589c', 'Not German, Japanese, Korean, Chinese or English', '[]'::jsonb, '[{"id":"not-english-language-0","name":"Not English Language","type":"language","value":"English Language","required":true},{"id":"not-japanese-language-1","name":"Not Japanese Language","type":"language","value":"Japanese Language","required":true},{"id":"not-korean-language-2","name":"Not Korean Language","type":"language","value":"Korean Language","required":true},{"id":"not-chinese-language-3","name":"Not Chinese Language","type":"language","value":"Chinese Language","required":true},{"id":"not-german-language-4","name":"Not German Language","type":"language","value":"German Language","required":true},{"id":"not-german-in-title-5","name":"Not German in Title","type":"releaseTitle","value":"(?i)\\bgerman\\b","required":true}]'::jsonb),
    ('3dce1fce9ac06d1349dfbd9186289385', 'NOW', '[{"id":"now-0","name":"NOW","type":"releaseTitle","value":"\\b(now)\\b[ ._-]web[ ._-]?(dl|rip)?\\b","required":false},{"id":"now-rename-1","name":"NOW Rename","type":"releaseTitle","value":"\\[(NOW)\\b|\\b(NOW)\\]","required":false},{"id":"webdl-2","name":"WEBDL","type":"source","value":"WEBDL","required":false},{"id":"webrip-3","name":"WEBRIP","type":"source","value":"WEBRIP","required":false}]'::jsonb, '[]'::jsonb),
    ('09d9dd29a0fc958f9796e65c2a8864b4', 'Open Matte', '[{"id":"open-matte-0","name":"Open Matte","type":"releaseTitle","value":"\\b(Open[ ._-]?Matte)\\b","required":false}]'::jsonb, '[]'::jsonb),
    ('a061e2e700f81932daf888599f8a8273', 'Opus', '[{"id":"opus-0","name":"Opus","type":"releaseTitle","value":"\\bOPUS(\\b|\\d)(?!.*[ ._-](\\d{3,4}p))","required":true}]'::jsonb, '[{"id":"not-opus-release-group-1","name":"Not OPUS Release Group","type":"releaseGroup","value":"OPUS","required":true}]'::jsonb),
    ('fbca986396c5e695ef7b2def3c755d01', 'OViD', '[{"id":"ovid-0","name":"OViD","type":"releaseTitle","value":"\\b(ovid)\\b","required":true},{"id":"webdl-1","name":"WEBDL","type":"source","value":"WEBDL","required":false},{"id":"webrip-2","name":"WEBRIP","type":"source","value":"WEBRIP","required":false}]'::jsonb, '[]'::jsonb),
    ('80f51de4636a294e31552e90d2e1decb', 'P2P Internal', '[{"id":"internal-0","name":"Internal","type":"indexerFlag","value":"Internal","required":false}]'::jsonb, '[]'::jsonb),
    ('bf7e73dd1d85b12cc527dc619761c840', 'Pathe', '[{"id":"path-0","name":"Pathé","type":"releaseTitle","value":"\\b(Pathe)\\b","required":true},{"id":"webdl-1","name":"WEBDL","type":"source","value":"WEBDL","required":false},{"id":"webrip-2","name":"WEBRIP","type":"source","value":"WEBRIP","required":false}]'::jsonb, '[]'::jsonb),
    ('e7c2fcae07cbada050a0af3357491d7b', 'PCM', '[{"id":"pcm-0","name":"PCM","type":"releaseTitle","value":"\\b(l?)PCM(\\b|\\d)","required":true}]'::jsonb, '[{"id":"not-aac-1","name":"Not AAC","type":"releaseTitle","value":"\\bAAC(\\b|\\d)","required":true},{"id":"not-flac-2","name":"Not FLAC","type":"releaseTitle","value":"\\bFLAC(\\b|\\d)","required":true},{"id":"not-dts-3","name":"Not DTS","type":"releaseTitle","value":"\\bDTS(\\b|\\d)","required":true},{"id":"not-truehd-atmos-4","name":"Not TrueHD/ATMOS","type":"releaseTitle","value":"True[ .-]?HD|\\bATMOS(\\b|\\d)","required":true},{"id":"not-basic-dolby-digital-5","name":"Not Basic Dolby Digital","type":"releaseTitle","value":"\\bDD[^a-z+]|(?<!e-)\\b(ac-?3)\\b","required":true},{"id":"not-dolby-digital-plus-6","name":"Not Dolby Digital Plus ","type":"releaseTitle","value":"\\bDD[P+]|\\b(e[-_. ]?ac-?3)\\b","required":true}]'::jsonb),
    ('350e9170619683a55cb9191d0b1ababa', 'PLAY', '[{"id":"play-0","name":"PLAY","type":"releaseTitle","value":"\\b(Play)\\b(?=[ ._-]web[ ._-]?(dl|rip)\\b)","required":false},{"id":"play-rename-1","name":"PLAY Rename","type":"releaseTitle","value":"\\[(Play)\\b|\\b(Play)\\]","required":false},{"id":"webdl-2","name":"WEBDL","type":"source","value":"WEBDL","required":false},{"id":"webrip-3","name":"WEBRIP","type":"source","value":"WEBRIP","required":false}]'::jsonb, '[]'::jsonb),
    ('3ac5d84fce98bab1b531393e9c82f467', 'QIBI', '[{"id":"quibi-0","name":"Quibi","type":"releaseTitle","value":"\\b(qibi|quibi)\\b","required":true},{"id":"webdl-1","name":"WEBDL","type":"source","value":"WEBDL","required":false},{"id":"webrip-2","name":"WEBRIP","type":"source","value":"WEBRIP","required":false}]'::jsonb, '[]'::jsonb),
    ('89dac1be53d5268a7e10a19d3c896826', '2.0 Stereo', '[{"id":"stereo-0","name":"Stereo","type":"releaseTitle","value":"(?<=\\b[12]\\d{3}\\b.*?)(?<!repac)[^0-9]2[ .]0\\b|\\bStereo\\b","required":true}]'::jsonb, '[{"id":"not-3-0ch-1","name":"Not 3.0ch","type":"releaseTitle","value":"[^0-9]3[ .]0\\b","required":true},{"id":"not-4-0ch-2","name":"Not 4.0ch","type":"releaseTitle","value":"[^0-9]4[ .]0\\b","required":true},{"id":"not-high-channel-count-3","name":"Not High Channel Count","type":"releaseTitle","value":"[^0-9][5-9][ .][0-1]\\b","required":true},{"id":"not-mono-4","name":"Not Mono","type":"releaseTitle","value":"[^0-9]1[ .]0\\b|\\bMono\\b|\\[PCM \\]","required":true}]'::jsonb),
    ('e77382bcfeba57cb83744c9c5449b401', '7.1 Surround', '[{"id":"7-1-surround-0","name":"7.1 Surround","type":"releaseTitle","value":"[^0-9][7-8][ .][0-1]\\b","required":true}]'::jsonb, '[{"id":"not-low-channel-count-1","name":"Not Low Channel Count","type":"releaseTitle","value":"(?<=\\b[12]\\d{3}\\b.*?)(?<!repac)[^0-9][1-4][ .][0-1]\\b|\\b(Stereo|Mono)\\b","required":true}]'::jsonb),
    ('fb3ccc5d5cc8f77c9055d4cb4561dded', 'Anime BD Tier 01', '[{"id":"bluray-0","name":"Bluray","type":"source","value":"BLURAY","required":false},{"id":"dvd-1","name":"DVD","type":"source","value":"DVD","required":false},{"id":"demihuman-2","name":"DemiHuman","type":"releaseTitle","value":"\\b(DemiHuman)\\b","required":false},{"id":"fle-3","name":"FLE","type":"releaseTitle","value":"\\b(FLE)\\b","required":false},{"id":"flugel-4","name":"Flugel","type":"releaseTitle","value":"\\b(Flugel)\\b","required":false},{"id":"lys1th3a-5","name":"LYS1TH3A","type":"releaseTitle","value":"\\b(LYS1TH3A)\\b","required":false},{"id":"moxie-6","name":"Moxie","type":"releaseTitle","value":"\\[Moxie\\]|-Moxie\\b","required":false},{"id":"sam-7","name":"sam","type":"releaseTitle","value":"\\[sam\\]|-sam\\b","required":false},{"id":"smol-8","name":"smol","type":"releaseTitle","value":"\\[smol\\]|-smol\\b","required":false},{"id":"som-9","name":"SoM","type":"releaseTitle","value":"\\[SoM\\]|-SoM\\b","required":false}]'::jsonb, '[]'::jsonb),
    ('66926c8fa9312bc74ab71bf69aae4f4a', 'Anime BD Tier 02', '[{"id":"bluray-0","name":"Bluray","type":"source","value":"BLURAY","required":false},{"id":"dvd-1","name":"DVD","type":"source","value":"DVD","required":false},{"id":"aergia-2","name":"Aergia","type":"releaseTitle","value":"\\[Aergia\\]|-Aergia(?!-raws)\\b","required":false},{"id":"arg0-3","name":"Arg0","type":"releaseTitle","value":"\\b(Arg0)\\b","required":false},{"id":"arid-4","name":"Arid","type":"releaseTitle","value":"\\[Arid\\]|-Arid\\b","required":false},{"id":"blackrose-5","name":"BlackRose","type":"releaseTitle","value":"\\b(BlackRose)\\b","required":false},{"id":"fatesucks-6","name":"FateSucks","type":"releaseTitle","value":"\\b(FateSucks)\\b","required":false},{"id":"hydes-7","name":"hydes","type":"releaseTitle","value":"\\b(hydes)\\b","required":false},{"id":"hchcsen-8","name":"hchcsen","type":"releaseTitle","value":"\\b(hchcsen)\\b","required":false},{"id":"johntitor-9","name":"JOHNTiTOR","type":"releaseTitle","value":"\\b(JOHNTiTOR)\\b","required":false},{"id":"jysze-10","name":"JySzE","type":"releaseTitle","value":"\\b(JySzE)\\b","required":false},{"id":"koala-11","name":"koala","type":"releaseTitle","value":"\\[koala\\]|-koala\\b","required":false},{"id":"kulot-12","name":"Kulot","type":"releaseTitle","value":"\\b(Kulot)\\b","required":false},{"id":"lostyears-13","name":"LostYears","type":"releaseTitle","value":"\\b(LostYears)\\b","required":false},{"id":"lulu-14","name":"Lulu","type":"releaseTitle","value":"\\[Lulu\\]|-Lulu\\b","required":false},{"id":"meakes-15","name":"Meakes","type":"releaseTitle","value":"\\b(Meakes)\\b","required":false},{"id":"orphan-16","name":"Orphan","type":"releaseTitle","value":"\\[Orphan\\]|-Orphan\\b","required":false},{"id":"vodes-17","name":"Vodes","type":"releaseTitle","value":"\\[Vodes\\]|(?<!Not)-Vodes\\b","required":false},{"id":"wap-18","name":"WAP","type":"releaseTitle","value":"\\b(WAP)\\b","required":false},{"id":"yuri-19","name":"YURI","type":"releaseTitle","value":"\\[YURI\\]|-YURI\\b","required":false},{"id":"zerobuild-20","name":"ZeroBuild","type":"releaseTitle","value":"\\b(ZeroBuild)\\b","required":false}]'::jsonb, '[]'::jsonb),
    ('fa857662bad28d5ff21a6e611869a0ff', 'Anime BD Tier 03', '[{"id":"bluray-0","name":"Bluray","type":"source","value":"BLURAY","required":false},{"id":"dvd-1","name":"DVD","type":"source","value":"DVD","required":false},{"id":"arc-2","name":"ARC","type":"releaseTitle","value":"\\[ARC\\]|-ARC\\b","required":false},{"id":"bbt-rmx-3","name":"BBT-RMX","type":"releaseTitle","value":"\\b(BBT-RMX)\\b","required":false},{"id":"cappybara-4","name":"cappybara","type":"releaseTitle","value":"\\[cappybara\\]|-cappybara\\b","required":false},{"id":"chucksmux-5","name":"ChucksMux","type":"releaseTitle","value":"\\b(ChucksMux)\\b","required":false},{"id":"crucible-6","name":"CRUCiBLE","type":"releaseTitle","value":"\\[CRUCiBLE\\]|-CRUCiBLE\\b","required":false},{"id":"cunny-7","name":"CUNNY","type":"releaseTitle","value":"\\b(CUNNY)\\b","required":false},{"id":"cunnysseur-8","name":"Cunnysseur","type":"releaseTitle","value":"\\b(Cunnysseur)\\b","required":false},{"id":"doc-9","name":"Doc","type":"releaseTitle","value":"\\[Doc\\]|-Doc\\b","required":false},{"id":"fig-10","name":"fig","type":"releaseTitle","value":"\\[fig\\]|-fig\\b","required":false},{"id":"headpatter-11","name":"Headpatter","type":"releaseTitle","value":"\\[Headpatter\\]|-Headpatter\\b","required":false},{"id":"inka-subs-12","name":"Inka-Subs","type":"releaseTitle","value":"\\b(Inka-Subs)\\b","required":false},{"id":"lacroix-13","name":"LaCroiX","type":"releaseTitle","value":"\\b(LaCroiX)\\b","required":false},{"id":"legion-14","name":"Legion","type":"releaseTitle","value":"\\[Legion\\]|-Legion\\b","required":false},{"id":"mehul-15","name":"Mehul","type":"releaseTitle","value":"\\[Mehul\\]|-Mehul\\b","required":false},{"id":"mtbb-16","name":"MTBB","type":"releaseTitle","value":"\\b(MTBB)\\b","required":false},{"id":"mysteria-17","name":"Mysteria","type":"releaseTitle","value":"\\[Mysteria\\]|-Mysteria\\b","required":false},{"id":"nan0-18","name":"NAN0","type":"releaseTitle","value":"(?<=remux).*\\b(NAN0)\\b","required":false},{"id":"netaro-19","name":"Netaro","type":"releaseTitle","value":"\\b(Netaro)\\b","required":false},{"id":"noiy-20","name":"Noiy","type":"releaseTitle","value":"\\b(Noiy)\\b","required":false},{"id":"npz-21","name":"npz","type":"releaseTitle","value":"\\b(npz)\\b","required":false},{"id":"ntrx-22","name":"NTRX","type":"releaseTitle","value":"\\b(NTRX)\\b","required":false},{"id":"okay-subs-23","name":"Okay-Subs","type":"releaseTitle","value":"\\b(Okay-Subs)\\b","required":false},{"id":"p9-24","name":"P9","type":"releaseTitle","value":"\\b(P9)\\b","required":false},{"id":"pmr-25","name":"PMR","type":"releaseTitle","value":"^(?=.*\\b(PMR)\\b)(?=.*\\b(Remux)\\b)","required":false},{"id":"rudy-26","name":"RUDY","type":"releaseTitle","value":"\\[RUDY\\]|-RUDY\\b","required":false},{"id":"rain-27","name":"RaiN","type":"releaseTitle","value":"\\[RaiN\\]|-RaiN\\b","required":false},{"id":"rmx-28","name":"RMX","type":"releaseTitle","value":"\\b(RMX)\\b","required":false},{"id":"sekkon-29","name":"Sekkon","type":"releaseTitle","value":"\\b(Sekkon)\\b","required":false},{"id":"serendipity-30","name":"Serendipity","type":"releaseTitle","value":"\\[Serendipity\\]|-Serendipity\\b","required":false},{"id":"sgt-31","name":"sgt","type":"releaseTitle","value":"\\[sgt\\]|-sgt\\b","required":false},{"id":"subsmix-32","name":"SubsMix","type":"releaseTitle","value":"\\b(SubsMix)\\b","required":false},{"id":"sylvar-33","name":"Sylvar","type":"releaseTitle","value":"\\b(Sylvar)\\b","required":false},{"id":"uba-34","name":"uba","type":"releaseTitle","value":"\\[uba\\]|-uba\\b","required":false},{"id":"zr-35","name":"ZR","type":"releaseTitle","value":"\\b(ZR)\\b|-ZR-","required":false}]'::jsonb, '[]'::jsonb),
    ('f262f1299d99b1a2263375e8fa2ddbb3', 'Anime BD Tier 04', '[{"id":"bluray-0","name":"Bluray","type":"source","value":"BLURAY","required":false},{"id":"dvd-1","name":"DVD","type":"source","value":"DVD","required":false},{"id":"abdex-2","name":"ABdex","type":"releaseTitle","value":"\\b(ABdex)\\b","required":false},{"id":"afro-3","name":"Afro","type":"releaseTitle","value":"\\[Afro\\]|-Afro\\b","required":false},{"id":"armx-4","name":"aRMX","type":"releaseTitle","value":"\\b(aRMX)\\b","required":false},{"id":"birju-5","name":"BiRJU","type":"releaseTitle","value":"\\b(BiRJU)\\b","required":false},{"id":"bkc-6","name":"BKC","type":"releaseTitle","value":"\\b(BKC)\\b","required":false},{"id":"cbt-7","name":"CBT","type":"releaseTitle","value":"\\b(CBT)\\b","required":false},{"id":"chimera-8","name":"Chimera","type":"releaseTitle","value":"\\[Chimera\\]|-Chimera\\b","required":false},{"id":"derp-9","name":"derp","type":"releaseTitle","value":"\\[derp\\]|-derp\\b","required":false},{"id":"diy-10","name":"DIY","type":"releaseTitle","value":"\\[DIY\\]|-DIY\\b","required":false},{"id":"exp-11","name":"EXP","type":"releaseTitle","value":"\\[EXP\\]|-EXP\\b","required":false},{"id":"foxtrot-12","name":"Foxtrot","type":"releaseTitle","value":"\\[Foxtrot\\]|-Foxtrot\\b","required":false},{"id":"grimf-13","name":"grimf","type":"releaseTitle","value":"\\b(grimf)\\b","required":false},{"id":"ik-14","name":"IK","type":"releaseTitle","value":"\\b(IK)\\b","required":false},{"id":"iznjie-biznjie-15","name":"Iznjie Biznjie","type":"releaseTitle","value":"\\b(Iznjie[ .-]Biznjie)\\b","required":false},{"id":"kaleido-subs-16","name":"Kaleido-subs","type":"releaseTitle","value":"\\b(Kaleido-subs)\\b","required":false},{"id":"kametsu-17","name":"Kametsu","type":"releaseTitle","value":"\\b(Kametsu)\\b","required":false},{"id":"kawatare-18","name":"Kawatare","type":"releaseTitle","value":"\\[Kawatare\\]|-Kawatare\\b","required":false},{"id":"kh-19","name":"KH","type":"releaseTitle","value":"\\b(KH)\\b","required":false},{"id":"lazyremux-20","name":"LazyRemux","type":"releaseTitle","value":"\\b(LazyRemux)\\b","required":false},{"id":"metal-21","name":"Metal","type":"releaseTitle","value":"\\[Metal\\]|-Metal\\b","required":false},{"id":"mk-22","name":"MK","type":"releaseTitle","value":"\\b(MK)\\b","required":false},{"id":"neko-kbaraka-23","name":"neko-kBaraka","type":"releaseTitle","value":"\\b(neko-kBaraka)\\b","required":false},{"id":"ozr-24","name":"OZR","type":"releaseTitle","value":"\\b(OZR)\\b","required":false},{"id":"pizza-25","name":"Pizza","type":"releaseTitle","value":"\\[Pizza\\]|-Pizza\\b","required":false},{"id":"pog42-26","name":"pog42","type":"releaseTitle","value":"\\b(pog42)\\b","required":false},{"id":"quetzal-27","name":"Quetzal","type":"releaseTitle","value":"\\b(Quetzal)\\b","required":false},{"id":"reza-28","name":"Reza","type":"releaseTitle","value":"\\b(Reza)\\b","required":false},{"id":"scy-29","name":"SCY","type":"releaseTitle","value":"\\b(SCY)\\b","required":false},{"id":"shimatta-30","name":"Shimatta","type":"releaseTitle","value":"\\b(Shimatta)\\b","required":false},{"id":"smoke-31","name":"Smoke","type":"releaseTitle","value":"\\[Smoke\\]|-Smoke\\b","required":false},{"id":"spirale-32","name":"Spirale","type":"releaseTitle","value":"\\b(Spirale)\\b","required":false},{"id":"udf-33","name":"UDF","type":"releaseTitle","value":"\\b(UDF)\\b","required":false},{"id":"uqw-34","name":"UQW","type":"releaseTitle","value":"\\b(UQW)\\b","required":false},{"id":"virtuality-35","name":"Virtuality","type":"releaseTitle","value":"\\b(Virtuality)\\b","required":false},{"id":"vanilla-36","name":"Vanilla","type":"releaseTitle","value":"\\[Vanilla\\]|-Vanilla\\b","required":false},{"id":"vulcan-37","name":"VULCAN","type":"releaseTitle","value":"\\[VULCAN\\]|-VULCAN\\b","required":false}]'::jsonb, '[]'::jsonb),
    ('ca864ed93c7b431150cc6748dc34875d', 'Anime BD Tier 05', '[{"id":"bluray-0","name":"Bluray","type":"source","value":"BLURAY","required":false},{"id":"dvd-1","name":"DVD","type":"source","value":"DVD","required":false},{"id":"animorphs-2","name":"Animorphs","type":"releaseTitle","value":"\\b(Animorphs)\\b","required":false},{"id":"aomundson-3","name":"AOmundson","type":"releaseTitle","value":"\\b(AOmundson)\\b","required":false},{"id":"asc-4","name":"ASC","type":"releaseTitle","value":"\\b(ASC)\\b","required":false},{"id":"baws-5","name":"Baws","type":"releaseTitle","value":"\\b(Baws|McBalls)\\b","required":false},{"id":"beatrice-6","name":"Beatrice","type":"releaseTitle","value":"\\[Beatrice\\]|-Beatrice(?!-raws)\\b","required":false},{"id":"b00ba-7","name":"B00BA","type":"releaseTitle","value":"\\b(B00BA)\\b","required":false},{"id":"cait-sidhe-8","name":"Cait-Sidhe","type":"releaseTitle","value":"\\b(Cait-Sidhe)\\b","required":false},{"id":"css-9","name":"CsS","type":"releaseTitle","value":"\\b(CsS)\\b","required":false},{"id":"ctr-10","name":"CTR","type":"releaseTitle","value":"\\b(CTR)\\b","required":false},{"id":"d4c-11","name":"D4C","type":"releaseTitle","value":"\\b(D4C)\\b","required":false},{"id":"deanzel-12","name":"deanzel","type":"releaseTitle","value":"\\b(deanzel)\\b","required":false},{"id":"drag-13","name":"Drag","type":"releaseTitle","value":"\\[Drag\\]|-Drag\\b","required":false},{"id":"eldon-14","name":"eldon","type":"releaseTitle","value":"\\b(eldon)\\b","required":false},{"id":"freehold-15","name":"Freehold","type":"releaseTitle","value":"\\b(Freehold)\\b","required":false},{"id":"ghs-16","name":"GHS","type":"releaseTitle","value":"\\b(GHS)\\b","required":false},{"id":"hark0n-17","name":"Hark0N","type":"releaseTitle","value":"\\b(Hark0N)\\b","required":false},{"id":"holomux-18","name":"Holomux","type":"releaseTitle","value":"\\b(Holomux)\\b","required":false},{"id":"judgement-19","name":"Judgement","type":"releaseTitle","value":"\\[Judgment\\]|-Judgment\\b","required":false},{"id":"mc-20","name":"MC","type":"releaseTitle","value":"\\b(MC)\\b","required":false},{"id":"mottoj-21","name":"mottoj","type":"releaseTitle","value":"\\b(mottoj)\\b","required":false},{"id":"nh-22","name":"NH","type":"releaseTitle","value":"\\b(NH)\\b","required":false},{"id":"ntrm-23","name":"NTRM","type":"releaseTitle","value":"\\b(NTRM)\\b","required":false},{"id":"o7-24","name":"o7","type":"releaseTitle","value":"\\b(o7)\\b","required":false},{"id":"qm-25","name":"QM","type":"releaseTitle","value":"\\b(QM)\\b","required":false},{"id":"thighs-26","name":"Thighs","type":"releaseTitle","value":"\\[Thighs\\]|-Thighs\\b","required":false},{"id":"ttga-27","name":"TTGA","type":"releaseTitle","value":"\\b(TTGA)\\b","required":false},{"id":"ultraremux-28","name":"UltraRemux","type":"releaseTitle","value":"\\b(UltraRemux)\\b","required":false},{"id":"wbdp-29","name":"WBDP","type":"releaseTitle","value":"\\b(WBDP)\\b","required":false},{"id":"wse-30","name":"WSE","type":"releaseTitle","value":"\\b(WSE)\\b","required":false},{"id":"yuki-31","name":"Yuki","type":"releaseTitle","value":"\\[Yuki\\]|-Yuki\\b","required":false}]'::jsonb, '[]'::jsonb),
    ('9dce189b960fddf47891b7484ee886ca', 'Anime BD Tier 06', '[{"id":"bluray-0","name":"Bluray","type":"source","value":"BLURAY","required":false},{"id":"dvd-1","name":"DVD","type":"source","value":"DVD","required":false},{"id":"ane-2","name":"ANE","type":"releaseTitle","value":"\\[ANE\\]|-ANE$","required":false},{"id":"bunny-apocalypse-3","name":"Bunny-Apocalypse","type":"releaseTitle","value":"\\b(Bunny-Apocalypse)\\b","required":false},{"id":"cyc-4","name":"CyC","type":"releaseTitle","value":"\\b(CyC)\\b","required":false},{"id":"datte13-5","name":"Datte13","type":"releaseTitle","value":"\\b(Datte13)\\b","required":false},{"id":"ejf-6","name":"EJF","type":"releaseTitle","value":"\\b(EJF)\\b","required":false},{"id":"getittwisted-7","name":"GetItTwisted","type":"releaseTitle","value":"\\b(GetItTwisted)\\b","required":false},{"id":"gsk-kun-8","name":"GSK_kun","type":"releaseTitle","value":"\\b(GSK[._-]kun)\\b","required":false},{"id":"ikaos-9","name":"iKaos","type":"releaseTitle","value":"\\b(iKaos)\\b","required":false},{"id":"karios-10","name":"karios","type":"releaseTitle","value":"\\b(karios)\\b","required":false},{"id":"pookie-11","name":"Pookie","type":"releaseTitle","value":"\\b(Pookie)\\b","required":false},{"id":"rasetsu-12","name":"RASETSU","type":"releaseTitle","value":"\\b(RASETSU)\\b","required":false},{"id":"starbez-13","name":"Starbez","type":"releaseTitle","value":"\\b(Starbez)\\b","required":false},{"id":"tsundere-14","name":"Tsundere","type":"releaseTitle","value":"\\[Tsundere\\]|-Tsundere(?!-)\\b","required":false},{"id":"yoghurt-15","name":"Yoghurt","type":"releaseTitle","value":"\\b(Yoghurt)\\b","required":false},{"id":"yurasuka-16","name":"YURASUKA","type":"releaseTitle","value":"\\[YURASUKA\\]|-YURASUKA\\b","required":false}]'::jsonb, '[]'::jsonb),
    ('1ef101b3a82646b40e0cab7fc92cd896', 'Anime BD Tier 07', '[{"id":"bluray-0","name":"Bluray","type":"source","value":"BLURAY","required":false},{"id":"dvd-1","name":"DVD","type":"source","value":"DVD","required":false},{"id":"9volt-2","name":"9volt","type":"releaseTitle","value":"\\b(9volt)\\b","required":false},{"id":"ac-3","name":"AC","type":"releaseTitle","value":"\\[AC\\]|-AC$","required":false},{"id":"almighty-4","name":"Almighty","type":"releaseTitle","value":"\\[Almighty\\]|-Almighty\\b","required":false},{"id":"asakura-5","name":"Asakura","type":"releaseTitle","value":"\\[Asakura\\]|-Asakura\\b","required":false},{"id":"asenshi-6","name":"Asenshi","type":"releaseTitle","value":"\\b(Asenshi)\\b","required":false},{"id":"bluraydesuyo-7","name":"BlurayDesuYo","type":"releaseTitle","value":"\\b(BlurayDesuYo)\\b","required":false},{"id":"bolshevik-8","name":"Bolshevik","type":"releaseTitle","value":"\\[Bolshevik\\]|-Bolshevik\\b","required":false},{"id":"brrrrrrr-9","name":"Brrrrrrr","type":"releaseTitle","value":"\\b(Brrrrrrr)\\b","required":false},{"id":"chihiro-10","name":"Chihiro","type":"releaseTitle","value":"\\[Chihiro\\]|-Chihiro\\b","required":false},{"id":"commie-11","name":"Commie","type":"releaseTitle","value":"\\b(Commie)\\b","required":false},{"id":"crow-12","name":"Crow","type":"releaseTitle","value":"\\[Crow\\]|-Crow\\b","required":false},{"id":"dae-13","name":"Dae","type":"releaseTitle","value":"\\b(Dae)\\b","required":false},{"id":"dekinai-14","name":"Dekinai","type":"releaseTitle","value":"\\[Dekinai\\]|-Dekinai\\b","required":false},{"id":"dragon-releases-15","name":"Dragon-Releases","type":"releaseTitle","value":"\\b(Dragon-Releases)\\b","required":false},{"id":"dragsterps-16","name":"DragsterPS","type":"releaseTitle","value":"\\b(DragsterPS)\\b","required":false},{"id":"exiled-destiny-17","name":"Exiled-Destiny","type":"releaseTitle","value":"\\b(Exiled-Destiny|E-D)\\b","required":false},{"id":"fff-18","name":"FFF","type":"releaseTitle","value":"\\b(FFF)\\b","required":false},{"id":"final8-19","name":"Final8","type":"releaseTitle","value":"\\b(Final8)\\b","required":false},{"id":"geonope-20","name":"Geonope","type":"releaseTitle","value":"\\b(Geonope)\\b","required":false},{"id":"gjm-21","name":"GJM","type":"releaseTitle","value":"\\b(GJM)\\b","required":false},{"id":"iahd-22","name":"iAHD","type":"releaseTitle","value":"\\b(iAHD)\\b","required":false},{"id":"inid4c-23","name":"inid4c","type":"releaseTitle","value":"\\b(inid4c)\\b","required":false},{"id":"koten-gars-24","name":"Koten_Gars","type":"releaseTitle","value":"\\b(Koten[ ._-]Gars)\\b","required":false},{"id":"kuchikirukia-25","name":"kuchikirukia","type":"releaseTitle","value":"\\b(kuchikirukia)\\b","required":false},{"id":"lce-26","name":"LCE","type":"releaseTitle","value":"\\b(LCE)\\b","required":false},{"id":"ntw-27","name":"NTW","type":"releaseTitle","value":"\\b(NTW)\\b","required":false},{"id":"orz-28","name":"orz","type":"releaseTitle","value":"\\b(orz)\\b","required":false},{"id":"rai-29","name":"RAI","type":"releaseTitle","value":"\\b(RAI)\\b","required":false},{"id":"revo-30","name":"REVO","type":"releaseTitle","value":"\\b(REVO)\\b","required":false},{"id":"scp-2223-31","name":"SCP-2223","type":"releaseTitle","value":"\\b(SCP-2223)\\b","required":false},{"id":"senjou-32","name":"Senjou","type":"releaseTitle","value":"\\[Senjou\\]|-Senjou\\b","required":false},{"id":"sev-33","name":"SEV","type":"releaseTitle","value":"\\b(SEV)\\b","required":false},{"id":"thora-34","name":"THORA","type":"releaseTitle","value":"\\b(THORA)\\b","required":false},{"id":"vivid-35","name":"Vivid","type":"releaseTitle","value":"\\[Vivid\\]|-Vivid\\b","required":false}]'::jsonb, '[]'::jsonb),
    ('6115ccd6640b978234cc47f2c1f2cadc', 'Anime BD Tier 08', '[{"id":"bluray-0","name":"Bluray","type":"source","value":"BLURAY","required":false},{"id":"dvd-1","name":"DVD","type":"source","value":"DVD","required":false},{"id":"akihitosubs-2","name":"AkihitoSubs","type":"releaseTitle","value":"\\b(AkihitoSubs)\\b","required":false},{"id":"arukoru-3","name":"Arukoru","type":"releaseTitle","value":"\\b(Arukoru)\\b","required":false},{"id":"edge-4","name":"EDGE","type":"releaseTitle","value":"\\[EDGE\\]|-EDGE\\b","required":false},{"id":"ember-5","name":"EMBER","type":"releaseTitle","value":"\\[EMBER\\]|-EMBER\\b","required":false},{"id":"ghost-6","name":"GHOST","type":"releaseTitle","value":"\\[GHOST\\]|-GHOST\\b","required":false},{"id":"judas-7","name":"Judas","type":"releaseTitle","value":"\\[Judas\\]|-Judas","required":false},{"id":"naiyas-8","name":"naiyas","type":"releaseTitle","value":"\\[naiyas\\]|-naiyas\\b","required":false},{"id":"nep-blanc-9","name":"Nep_Blanc","type":"releaseTitle","value":"\\b(Nep[ ._-]Blanc)\\b","required":false},{"id":"prof-10","name":"Prof","type":"releaseTitle","value":"\\[Prof\\]|-Prof\\b","required":false},{"id":"shir-11","name":"Shirσ","type":"releaseTitle","value":"\\b(Shirσ)\\b","required":false}]'::jsonb, '[]'::jsonb),
    ('8167cffba4febfb9a6988ef24f274e7e', 'Anime Web Tier 01', '[{"id":"webdl-0","name":"WEBDL","type":"source","value":"WEBDL","required":false},{"id":"webrip-1","name":"WEBRIP","type":"source","value":"WEBRIP","required":false},{"id":"arg0-2","name":"Arg0","type":"releaseTitle","value":"\\b(Arg0)\\b","required":false},{"id":"arid-3","name":"Arid","type":"releaseTitle","value":"\\[Arid\\]|-Arid\\b","required":false},{"id":"baws-4","name":"Baws","type":"releaseTitle","value":"\\b(Baws)\\b","required":false},{"id":"fle-5","name":"FLE","type":"releaseTitle","value":"\\b(FLE)\\b","required":false},{"id":"lostyears-6","name":"LostYears","type":"releaseTitle","value":"\\b(LostYears)\\b","required":false},{"id":"lys1th3a-7","name":"LYS1TH3A","type":"releaseTitle","value":"\\b(LYS1TH3A)\\b","required":false},{"id":"mcballs-8","name":"McBalls","type":"releaseTitle","value":"\\b(McBalls)\\b","required":false},{"id":"sam-9","name":"sam","type":"releaseTitle","value":"\\[sam\\]|-sam\\b","required":false},{"id":"scy-10","name":"SCY","type":"releaseTitle","value":"\\b(SCY)\\b","required":false},{"id":"setsugen-11","name":"Setsugen","type":"releaseTitle","value":"\\b(Setsugen)\\b","required":false},{"id":"smol-12","name":"smol","type":"releaseTitle","value":"\\[smol\\]|-smol\\b","required":false},{"id":"som-13","name":"SoM","type":"releaseTitle","value":"\\[SoM\\]|-SoM\\b","required":false},{"id":"vodes-14","name":"Vodes","type":"releaseTitle","value":"\\[Vodes\\]|(?<!Not)-Vodes\\b","required":false},{"id":"z4st1n-15","name":"Z4ST1N","type":"releaseTitle","value":"\\b(Z4ST1N)\\b","required":false},{"id":"zerobuild-16","name":"ZeroBuild","type":"releaseTitle","value":"\\b(ZeroBuild)\\b","required":false}]'::jsonb, '[]'::jsonb),
    ('8526c54e36b4962d340fce52ef030e76', 'Anime Web Tier 02', '[{"id":"webdl-0","name":"WEBDL","type":"source","value":"WEBDL","required":false},{"id":"webrip-1","name":"WEBRIP","type":"source","value":"WEBRIP","required":false},{"id":"0x539-2","name":"0x539","type":"releaseTitle","value":"\\b(0x539)\\b","required":false},{"id":"asakura-3","name":"Asakura","type":"releaseTitle","value":"\\[Asakura\\]|-Asakura\\b","required":false},{"id":"cyan-4","name":"Cyan","type":"releaseTitle","value":"\\[Cyan\\]|-Cyan\\b","required":false},{"id":"cytox-5","name":"Cytox","type":"releaseTitle","value":"\\b(Cytox)\\b","required":false},{"id":"dae-6","name":"Dae","type":"releaseTitle","value":"\\[Dae\\]|-Dae\\b","required":false},{"id":"foxtrot-7","name":"Foxtrot","type":"releaseTitle","value":"\\[Foxtrot\\]|-Foxtrot\\b","required":false},{"id":"gao-8","name":"Gao","type":"releaseTitle","value":"\\[Gao\\]|-Gao\\b","required":false},{"id":"gsk-kun-9","name":"GSK_kun","type":"releaseTitle","value":"\\b(GSK[._-]kun)\\b","required":false},{"id":"half-baked-10","name":"Half-Baked","type":"releaseTitle","value":"\\b(Half-Baked)\\b","required":false},{"id":"hatsubs-11","name":"HatSubs","type":"releaseTitle","value":"\\b(HatSubs)\\b","required":false},{"id":"mald-12","name":"MALD","type":"releaseTitle","value":"\\b(MALD)\\b","required":false},{"id":"mtbb-13","name":"MTBB","type":"releaseTitle","value":"\\b(MTBB)\\b","required":false},{"id":"not-vodes-14","name":"Not-Vodes","type":"releaseTitle","value":"\\[Not-Vodes\\]|-Not-Vodes\\b","required":false},{"id":"okay-subs-15","name":"Okay-Subs","type":"releaseTitle","value":"\\b(Okay-Subs)\\b","required":false},{"id":"pizza-16","name":"Pizza","type":"releaseTitle","value":"\\[Pizza\\]|-Pizza\\b","required":false},{"id":"reza-17","name":"Reza","type":"releaseTitle","value":"\\b(Reza)\\b","required":false},{"id":"slyfox-18","name":"Slyfox","type":"releaseTitle","value":"\\b(Slyfox)\\b","required":false},{"id":"solce-19","name":"SoLCE","type":"releaseTitle","value":"\\b(SoLCE)\\b","required":false},{"id":"tenshi-20","name":"Tenshi","type":"releaseTitle","value":"\\[tenshi\\]|-tenshi$","required":false}]'::jsonb, '[]'::jsonb),
    ('de41e72708d2c856fa261094c85e965d', 'Anime Web Tier 03', '[{"id":"webdl-0","name":"WEBDL","type":"source","value":"WEBDL","required":false},{"id":"webrip-1","name":"WEBRIP","type":"source","value":"WEBRIP","required":false},{"id":"anozu-2","name":"AnoZu","type":"releaseTitle","value":"\\b(AnoZu)\\b","required":false},{"id":"dooky-3","name":"Dooky","type":"releaseTitle","value":"\\b(Dooky)\\b","required":false},{"id":"kitsune-4","name":"Kitsune","type":"releaseTitle","value":"\\[Kitsune\\]|-Kitsune\\b","required":false},{"id":"subsplus-5","name":"SubsPlus+","type":"releaseTitle","value":"\\b(SubsPlus\\+?)\\b","required":false},{"id":"zr-6","name":"ZR","type":"releaseTitle","value":"\\b(ZR)\\b","required":false}]'::jsonb, '[]'::jsonb),
    ('9edaeee9ea3bcd585da9b7c0ac3fc54f', 'Anime Web Tier 04', '[{"id":"webdl-0","name":"WEBDL","type":"source","value":"WEBDL","required":false},{"id":"webrip-1","name":"WEBRIP","type":"source","value":"WEBRIP","required":false},{"id":"erai-raws-2","name":"Erai-Raws","type":"releaseTitle","value":"\\b(Erai-raws)\\b","required":false},{"id":"toonshub-3","name":"ToonsHub","type":"releaseTitle","value":"\\b(ToonsHub)\\b","required":false},{"id":"varyg-4","name":"VARYG","type":"releaseTitle","value":"\\b(VARYG)\\b","required":false}]'::jsonb, '[]'::jsonb),
    ('22d953bbe897857b517928f3652b8dd3', 'Anime Web Tier 05', '[{"id":"webdl-0","name":"WEBDL","type":"source","value":"WEBDL","required":false},{"id":"webrip-1","name":"WEBRIP","type":"source","value":"WEBRIP","required":false},{"id":"bluelobster-2","name":"BlueLobster","type":"releaseTitle","value":"\\b(BlueLobster)\\b","required":false},{"id":"gst-3","name":"GST","type":"releaseTitle","value":"\\b(GST)\\b","required":false},{"id":"horriblerips-4","name":"HorribleRips","type":"releaseTitle","value":"\\b(HorribleRips)\\b","required":false},{"id":"horriblesubs-5","name":"HorribleSubs","type":"releaseTitle","value":"\\b(HorribleSubs)\\b","required":false},{"id":"kan3d2m-6","name":"KAN3D2M","type":"releaseTitle","value":"\\b(KAN3D2M)\\b","required":false},{"id":"kiyoshistar-7","name":"KiyoshiStar","type":"releaseTitle","value":"\\b(KS|KiyoshiStar)\\b","required":false},{"id":"lia-8","name":"Lia","type":"releaseTitle","value":"\\[Lia\\]|-Lia\\b","required":false},{"id":"nandesuka-9","name":"NanDesuKa","type":"releaseTitle","value":"\\b(NanDesuKa)\\b","required":false},{"id":"playweb-10","name":"PlayWeb","type":"releaseTitle","value":"\\b(PlayWeb)\\b","required":false},{"id":"sobsplease-11","name":"SobsPlease","type":"releaseTitle","value":"\\b(SobsPlease)\\b","required":false},{"id":"some-stuffs-12","name":"Some-Stuffs","type":"releaseTitle","value":"\\b(Some-Stuffs)\\b","required":false},{"id":"subsplease-13","name":"SubsPlease","type":"releaseTitle","value":"\\b(SubsPlease)\\b","required":false},{"id":"uranime-14","name":"URANIME","type":"releaseTitle","value":"\\b(URANIME)\\b","required":false},{"id":"zigzag-15","name":"ZigZag","type":"releaseTitle","value":"\\[ZigZag\\]|-ZigZab\b","required":false}]'::jsonb, '[]'::jsonb),
    ('a786fbc0eae05afe3bb51aee3c83a9d4', 'Anime Web Tier 06', '[{"id":"webdl-0","name":"WEBDL","type":"source","value":"WEBDL","required":false},{"id":"webrip-1","name":"WEBRIP","type":"source","value":"WEBRIP","required":false},{"id":"9volt-2","name":"9volt","type":"releaseTitle","value":"\\b(9volt)\\b","required":false},{"id":"asenshi-3","name":"Asenshi","type":"releaseTitle","value":"\\b(Asenshi)\\b","required":false},{"id":"chihiro-4","name":"Chihiro","type":"releaseTitle","value":"\\[Chihiro\\]|-Chihiro\\b","required":false},{"id":"commie-5","name":"Commie","type":"releaseTitle","value":"\\b(Commie)\\b","required":false},{"id":"damedesuyo-6","name":"DameDesuYo","type":"releaseTitle","value":"\\b(DameDesuYo)\\b","required":false},{"id":"doki-7","name":"Doki","type":"releaseTitle","value":"\\[Doki\\]|-Doki\\b","required":false},{"id":"gjm-8","name":"GJM","type":"releaseTitle","value":"\\b(GJM)\\b","required":false},{"id":"kaleido-9","name":"Kaleido","type":"releaseTitle","value":"\\b(Kaleido)\\b","required":false},{"id":"kantai-10","name":"Kantai","type":"releaseTitle","value":"\\[Kantai\\]|-Kantai\\b","required":false},{"id":"kawasubs-11","name":"KawaSubs","type":"releaseTitle","value":"\\b(KawaSubs)\\b","required":false},{"id":"tsundere-12","name":"Tsundere","type":"releaseTitle","value":"\\[Tsundere\\]|-Tsundere(?!-)\\b","required":false}]'::jsonb, '[]'::jsonb),
    ('417804f7f2c4308c1f4c5d380d4c4475', 'ATMOS (undefined)', '[{"id":"atmos-0","name":"ATMOS","type":"releaseTitle","value":"\\bATMOS(\\b|\\d)","required":true}]'::jsonb, '[{"id":"not-aac-1","name":"Not AAC","type":"releaseTitle","value":"\\bAAC(\\b|\\d)","required":true},{"id":"not-basic-dolby-digital-2","name":"Not Basic Dolby Digital ","type":"releaseTitle","value":"\\bDD[^a-z+]|(?<!e-)\\b(ac-?3)\\b","required":true},{"id":"not-dolby-digital-plus-3","name":"Not Dolby Digital Plus","type":"releaseTitle","value":"\\bDD[P+]|\\b(e[-_. ]?ac-?3)\\b","required":true},{"id":"not-dts-4","name":"Not DTS","type":"releaseTitle","value":"\\bDTS(\\b|\\d)","required":true},{"id":"not-flac-5","name":"Not FLAC","type":"releaseTitle","value":"\\bFLAC(\\b|\\d)","required":true},{"id":"not-pcm-6","name":"Not PCM","type":"releaseTitle","value":"\\b(l?)PCM(\\b|\\d)","required":true},{"id":"not-rlsgrp-atmos-only-7","name":"Not RlsGrp (Atmos Only)","type":"releaseTitle","value":"\\b(W4NK3R|HQMUX)\\b","required":true},{"id":"not-truehd-8","name":"Not TrueHD","type":"releaseTitle","value":"True[ .-]?HD","required":true}]'::jsonb),
    ('b6832f586342ef70d9c128d40c07b872', 'Bad Dual Groups', '[{"id":"alfahd-0","name":"alfaHD","type":"releaseGroup","value":"^(alfaHD.*)$","required":false},{"id":"bat-1","name":"BAT","type":"releaseGroup","value":"^(BAT)$","required":false},{"id":"blackbit-2","name":"BlackBit","type":"releaseGroup","value":"^(BlackBit)$","required":false},{"id":"bnd-3","name":"BNd","type":"releaseGroup","value":"^(BNd)$","required":false},{"id":"c-a-a-4","name":"C.A.A","type":"releaseGroup","value":"^(C\\.A\\.A)$","required":false},{"id":"c76-5","name":"C76","type":"releaseGroup","value":"^(C76)$","required":false},{"id":"cory-6","name":"Cory","type":"releaseGroup","value":"^(Cory)$","required":false},{"id":"cypher-7","name":"CYPHER","type":"releaseGroup","value":"^(CYPHER)$","required":false},{"id":"eniahd-8","name":"EniaHD","type":"releaseGroup","value":"^(EniaHD)$","required":false},{"id":"extreme-9","name":"EXTREME","type":"releaseGroup","value":"^(EXTREME)$","required":false},{"id":"ff-10","name":"FF","type":"releaseGroup","value":"^(FF)$","required":false},{"id":"foxx-11","name":"FOXX","type":"releaseGroup","value":"^(FOXX)$","required":false},{"id":"g4ris-12","name":"G4RiS","type":"releaseGroup","value":"^(G4RiS)$","required":false},{"id":"gueira-13","name":"GUEIRA","type":"releaseGroup","value":"^(GUEIRA)$","required":false},{"id":"lcd-14","name":"LCD","type":"releaseGroup","value":"^(LCD)$","required":false},{"id":"mge-15","name":"MGE","type":"releaseGroup","value":"^(MGE\\b.*)$","required":false},{"id":"mlh-16","name":"MLH","type":"releaseGroup","value":"^(MLH)$","required":false},{"id":"n3g4n-17","name":"N3G4N","type":"releaseGroup","value":"^(N3G4N)$","required":false},{"id":"onlymovie-18","name":"ONLYMOViE","type":"releaseGroup","value":"^(ONLYMOViE)$","required":false},{"id":"pd-19","name":"PD","type":"releaseGroup","value":"^(PD)$","required":false},{"id":"pthome-20","name":"PTHome","type":"releaseGroup","value":"^(PTHome)$","required":false},{"id":"riper-21","name":"RiPER","type":"releaseGroup","value":"^(RiPER)$","required":false},{"id":"rk-22","name":"RK","type":"releaseGroup","value":"^(RK)$","required":false},{"id":"sigla-23","name":"SiGLA","type":"releaseGroup","value":"^(SiGLA)$","required":false},{"id":"tars-24","name":"Tars","type":"releaseGroup","value":"^(Tars)$","required":false},{"id":"tm-25","name":"TM","type":"releaseGroup","value":"^(TM\\b)$","required":false},{"id":"tokar86a-26","name":"tokar86a","type":"releaseGroup","value":"^(tokar86a)$","required":false},{"id":"turg-27","name":"TURG","type":"releaseGroup","value":"^(TURG)$","required":false},{"id":"tvr-28","name":"TvR","type":"releaseGroup","value":"^(TvR)$","required":false},{"id":"vnlls-29","name":"vnlls","type":"releaseGroup","value":"^(vnlls)$","required":false},{"id":"wtv-30","name":"WTV","type":"releaseGroup","value":"^(WTV)$","required":false},{"id":"xiquexique-31","name":"XiQUEXiQUE","type":"releaseGroup","value":"^(XiQUEXiQUE)$","required":false},{"id":"yatogam1-32","name":"Yatogam1","type":"releaseGroup","value":"^(Yatogam1)$","required":false},{"id":"yusukefla-33","name":"YusukeFLA","type":"releaseGroup","value":"^(YusukeFLA)$","required":false},{"id":"zigzag-34","name":"ZigZag","type":"releaseGroup","value":"^(ZigZag)$","required":false},{"id":"znm-35","name":"ZNM","type":"releaseGroup","value":"^(ZNM)$","required":false}]'::jsonb, '[]'::jsonb),
    ('923b6abef9b17f937fab56cfcf89e1f1', 'DV (w/o HDR fallback)', '[{"id":"dolby-vision-0","name":"Dolby Vision","type":"releaseTitle","value":"\\b(dv|dovi|dolby[ .]?V(ision)?)\\b","required":true},{"id":"webdl-1","name":"WEBDL","type":"source","value":"WEBDL","required":false},{"id":"webrip-2","name":"WEBRIP","type":"source","value":"WEBRIP","required":false}]'::jsonb, '[{"id":"not-rlsgrp-3","name":"Not RlsGrp","type":"releaseGroup","value":"\\b(Flights)\\b","required":true},{"id":"not-hdr-4","name":"Not HDR","type":"releaseTitle","value":"\\bHDR(\\b|\\d)","required":true},{"id":"not-hulu-5","name":"Not Hulu","type":"releaseTitle","value":"\\b(hulu)\\b","required":true}]'::jsonb),
    ('0a3f082873eb454bde444150b70253cc', 'Extras', '[{"id":"extras-0","name":"Extras","type":"releaseTitle","value":"(?<=\\b[12]\\d{3}\\b).*\\b(Extras|Bonus|Extended[ ._-]Clip)\\b","required":true}]'::jsonb, '[]'::jsonb),
    ('eb1e434d8e46cb3f728c79f8e4400bfd', 'FR Anime FanSub', '[{"id":"anime-heart-0","name":"Anime-Heart","type":"releaseTitle","value":"\\b(Anime[ .-]?Heart)\\b","required":false},{"id":"kaerizaki-fansub-1","name":"Kaerizaki-Fansub","type":"releaseTitle","value":"\\b(Kaerizaki[ .-]?Fansub)\\b","required":false},{"id":"natsumi-no-sekai-2","name":"Natsumi-no-Sekai","type":"releaseTitle","value":"\\b(Natsumi[ .-]?no[ .-]?Sekai)\\b","required":false},{"id":"nekoyu-3","name":"NekoYu''","type":"releaseTitle","value":"\\b(NekoYu\\''?)\\b","required":false},{"id":"onii-chansub-4","name":"Onii-ChanSub","type":"releaseTitle","value":"\\b(Onii[ .-]?ChanSub)\\b","required":false},{"id":"owlolf-5","name":"Owlolf","type":"releaseTitle","value":"\\b(Owlolf)\\b","required":false},{"id":"pikari-teshima-6","name":"Pikari-Teshima","type":"releaseTitle","value":"\\b(Pikari[ .-]?Teshima)\\b","required":false},{"id":"seimeisen-7","name":"Seimeisen","type":"releaseTitle","value":"\\b(Seimeisen)\\b","required":false},{"id":"team-arcedo-8","name":"Team Arcedo","type":"releaseTitle","value":"\\b((Team[ .-])?Arcedo)\\b","required":false},{"id":"yarashii-9","name":"Yarashii","type":"releaseTitle","value":"\\b(Yarashii)\\b","required":false},{"id":"yangire-raws-10","name":"Yangire-Raws","type":"releaseTitle","value":"\\b(Yangire[ .-]?Raws)\\b","required":false}]'::jsonb, '[]'::jsonb),
    ('5322da05b19d857acc1e75be3edf47b3', 'FR HD Bluray Tier 01', '[{"id":"bluray-0","name":"BLURAY","type":"source","value":"BLURAY","required":true},{"id":"bdhd-3","name":"BDHD","type":"releaseGroup","value":"^(BDHD)$","required":false},{"id":"fox-4","name":"FoX","type":"releaseGroup","value":"^(FoX)$","required":false},{"id":"fraternity-5","name":"FRATERNiTY","type":"releaseGroup","value":"^(FRATERNiTY)$","required":false},{"id":"friends-6","name":"FrIeNdS","type":"releaseGroup","value":"^(FrIeNdS)$","required":false},{"id":"max-7","name":"MAX","type":"releaseGroup","value":"^(MAX)$","required":false},{"id":"psaro-8","name":"Psaro","type":"releaseGroup","value":"^(Psaro)$","required":false},{"id":"yoda-9","name":"YODA","type":"releaseGroup","value":"^(YODA)$","required":false}]'::jsonb, '[{"id":"not-remux-1","name":"Not Remux","type":"quality","value":"Remux","required":true},{"id":"not-2160p-2","name":"Not 2160p","type":"resolution","value":"2160","required":true}]'::jsonb),
    ('5583260016e0b9f683f53af41fb42e4a', 'FR Remux Tier 01', '[{"id":"remux-0","name":"Remux","type":"quality","value":"Remux","required":true},{"id":"blackangel-1","name":"BlackAngel","type":"releaseGroup","value":"^(BlackAngel)$","required":false},{"id":"choco-2","name":"Choco","type":"releaseGroup","value":"^(Choco)$","required":false},{"id":"hdforever-3","name":"HDForever","type":"releaseGroup","value":"^(HDForever)$","required":false},{"id":"max-4","name":"MAX","type":"releaseGroup","value":"^(MAX)$","required":false},{"id":"only-5","name":"ONLY","type":"releaseGroup","value":"^(ONLY)$","required":false},{"id":"psaro-6","name":"Psaro","type":"releaseGroup","value":"^(Psaro)$","required":false},{"id":"sicario-7","name":"Sicario","type":"releaseGroup","value":"^(Sicario)$","required":false},{"id":"tezcat74-8","name":"Tezcat74","type":"releaseGroup","value":"^(Tezcat74)$","required":false},{"id":"tyrellcorp-9","name":"TyrellCorp","type":"releaseGroup","value":"^(TyrellCorp)$","required":false},{"id":"zapax-10","name":"Zapax","type":"releaseGroup","value":"^(Zapax)$","required":false}]'::jsonb, '[]'::jsonb),
    ('0d94489c0d5828cd3bf9409d309fb32b', 'FR Scene Groups', '[{"id":"spec-0","name":"#","type":"releaseGroup","value":"^(4FR)$","required":false},{"id":"a-1","name":"A","type":"releaseGroup","value":"^(AiR3D|AiRDOCS|AiRFORCE|AiRLiNE|AiRTV|AKLHD|AMB3R|ANMWR|AVON|AYMO|AZR)$","required":false},{"id":"b-2","name":"B","type":"releaseGroup","value":"^(BANKAi|BAWLS|BiPOLAR|BLACKPANTERS|BODIE|BOOLZ|BRiNK|BTT)$","required":false},{"id":"c-3","name":"C","type":"releaseGroup","value":"^(CARAPiLS|CiELOS|CiNEMA|CMBHD|CoRa|COUAC|CRYPT0)$","required":false},{"id":"d-4","name":"D","type":"releaseGroup","value":"^(D4KiD|DEAL|DiEBEX|DUPLI|DUSS)$","required":false},{"id":"e-5","name":"E","type":"releaseGroup","value":"^(ENJOi|EUBDS)$","required":false},{"id":"f-6","name":"F","type":"releaseGroup","value":"^(FHD|FiDELiO|FiDO|ForceBleue|FREAMON|FRENCHDEADPOOL2|FRiES|FUTiL|FWDHD)$","required":false},{"id":"g-7","name":"G","type":"releaseGroup","value":"^(GHOULS|GiMBAP|GLiMMER|Goatlove)$","required":false},{"id":"h-8","name":"H","type":"releaseGroup","value":"^(HERC|HiggsBoson|HiRoSHiMa|HYBRiS|HyDe)$","required":false},{"id":"j-9","name":"J","type":"releaseGroup","value":"^(JMT|JoKeR|JUSTICELEAGUE)$","required":false},{"id":"k-10","name":"K","type":"releaseGroup","value":"^(KAZETV)$","required":false},{"id":"l-11","name":"L","type":"releaseGroup","value":"^(L0SERNiGHT|LaoZi|LeON|LOFiDEL|LOST|LOWIMDB|LUCKY|LYPSG)$","required":false},{"id":"m-12","name":"M","type":"releaseGroup","value":"^(MAGiCAL|MANGACiTY|MAXAGAZ|MaxiBeNoul|McNULTY|MELBA|MiND|MORELAND|MUNSTER|MUxHD)$","required":false},{"id":"n-13","name":"N","type":"releaseGroup","value":"^(NERDHD|NERO|NrZ|NTK)$","required":false},{"id":"o-14","name":"O","type":"releaseGroup","value":"^(OBSTACLE|OohLaLa|OOKAMI)$","required":false},{"id":"p-15","name":"P","type":"releaseGroup","value":"^(PANZeR|PATHECROUTE|Penrose|PiNKPANTERS|PKPTRS|PRiDEHD|PROPJOE|PURE|PUREWASTEOFBW)$","required":false},{"id":"r-16","name":"R","type":"releaseGroup","value":"^(ROUGH|RUDE|Ryotox)$","required":false},{"id":"s-17","name":"S","type":"releaseGroup","value":"^(SAFETY|SASHiMi|SEiGHT|SESKAPiLE|SHEEEiT|SHiNiGAMi(UHD)?|SiGeRiS|SILVIODANTE|SLEEPINGFOREST|SODAPOP|S4LVE|SPINE|SPOiLER|STRINGERBELL|Sunday26th|SUNRiSE)$","required":false},{"id":"t-18","name":"T","type":"releaseGroup","value":"^(tFR|THENiGHTMAREiNHD|THiNK|THREESOME|TiMELiNE|TSuNaMi)$","required":false},{"id":"u-19","name":"U","type":"releaseGroup","value":"^(UKDHD|UKDTV|ULSHD|Ulysse|(US)?UNSKiLLED|URY)$","required":false},{"id":"v-20","name":"V","type":"releaseGroup","value":"^(VENUE|VFC|VoMiT)$","required":false},{"id":"w-21","name":"W","type":"releaseGroup","value":"^(Wednesday29th)$","required":false},{"id":"z-22","name":"Z","type":"releaseGroup","value":"^(ZEST|ZiRCON)$","required":false}]'::jsonb, '[]'::jsonb),
    ('9790a618cec1aeac8ce75601a17ea40d', 'FR WEB Tier 01', '[{"id":"webdl-0","name":"WEBDL","type":"source","value":"WEBDL","required":false},{"id":"webrip-1","name":"WEBRIP","type":"source","value":"WEBRIP","required":false},{"id":"bonbon-2","name":"BONBON","type":"releaseGroup","value":"^(BONBON)$","required":false},{"id":"fck-3","name":"FCK","type":"releaseGroup","value":"^(FCK)$","required":false},{"id":"fw-4","name":"FW","type":"releaseGroup","value":"^(FW)$","required":false},{"id":"fox-5","name":"FoX","type":"releaseGroup","value":"^(FoX)$","required":false},{"id":"fraternity-6","name":"FRATERNiTY","type":"releaseGroup","value":"^(FRATERNiTY)$","required":false},{"id":"friends-7","name":"FrIeNdS","type":"releaseGroup","value":"^(FrIeNdS)$","required":false},{"id":"moonly-8","name":"MOONLY","type":"releaseGroup","value":"^(MOONLY)$","required":false},{"id":"mtdk-9","name":"MTDK","type":"releaseGroup","value":"^(MTDK)$","required":false},{"id":"patopesto-10","name":"PATOPESTO","type":"releaseGroup","value":"^(PATOPESTO)$","required":false},{"id":"psaro-11","name":"Psaro","type":"releaseGroup","value":"^(Psaro)$","required":false},{"id":"rg-12","name":"RG","type":"releaseGroup","value":"^(RG)$","required":false},{"id":"supply-13","name":"SUPPLY","type":"releaseGroup","value":"^(SUPPLY)$","required":false},{"id":"tfa-14","name":"TFA","type":"releaseGroup","value":"^(TFA)$","required":false},{"id":"tina-15","name":"TiNA","type":"releaseGroup","value":"^(TiNA)$","required":false}]'::jsonb, '[]'::jsonb),
    ('3c83a765f84239716bd5fd2d7af188f9', 'FR WEB Tier 02', '[{"id":"webdl-0","name":"WEBDL","type":"source","value":"WEBDL","required":false},{"id":"webrip-1","name":"WEBRIP","type":"source","value":"WEBRIP","required":false},{"id":"alldayin-2","name":"ALLDAYiN","type":"releaseGroup","value":"^(ALLDAYiN)$","required":false},{"id":"ark01-3","name":"ARK01","type":"releaseGroup","value":"^(ARK01)$","required":false},{"id":"heavyweight-4","name":"HeavyWeight","type":"releaseGroup","value":"^(HeavyWeight)$","required":false},{"id":"neo-5","name":"NEO","type":"releaseGroup","value":"^(NEO)$","required":false},{"id":"none-6","name":"NoNe","type":"releaseGroup","value":"^(NoNe)$","required":false},{"id":"onlymovie-7","name":"ONLYMOViE","type":"releaseGroup","value":"^(ONLYMOViE)$","required":false},{"id":"poto-8","name":"POTO","type":"releaseGroup","value":"^(POTO)$","required":false},{"id":"slay3r-9","name":"Slay3R","type":"releaseGroup","value":"^(Slay3R)$","required":false},{"id":"tkhd-10","name":"TkHD","type":"releaseGroup","value":"^(TkHD)$","required":false},{"id":"wacks-11","name":"WaCkS","type":"releaseGroup","value":"^(WaCkS)$","required":false}]'::jsonb, '[]'::jsonb),
    ('88c93b568b6079fa087077a788b1b7a3', 'FUNi', '[{"id":"funimation-0","name":"Funimation","type":"releaseTitle","value":"\\b(FUNi(mation)?)\\b","required":true},{"id":"webdl-1","name":"WEBDL","type":"source","value":"WEBDL","required":false},{"id":"webrip-2","name":"WEBRIP","type":"source","value":"WEBRIP","required":false}]'::jsonb, '[]'::jsonb),
    ('b2ff1353b447d4ca6acc3a83a52cda59', 'German Anime Bluray Tier 01', '[{"id":"baka-0","name":"Baka","type":"releaseGroup","value":"^(Baka)$","required":false},{"id":"pudding-sama-1","name":"Pudding-sama","type":"releaseGroup","value":"^(Pudding[-]?sama)$","required":false},{"id":"rtemp-2","name":"RTemp","type":"releaseGroup","value":"^(RTemp)$","required":false},{"id":"snk-3","name":"snk","type":"releaseGroup","value":"\\b(snk|shw)\\b","required":false},{"id":"ainz-4","name":"Ainz","type":"releaseGroup","value":"^(Ainz)$","required":false},{"id":"tvr-5","name":"TvR","type":"releaseGroup","value":"^(TvR)$","required":false},{"id":"fuuko-6","name":"Fuuko","type":"releaseGroup","value":"^(Fuuko)$","required":false},{"id":"ao-7","name":"AO","type":"releaseGroup","value":"^(AO)$","required":false},{"id":"cny-8","name":"CNY","type":"releaseGroup","value":"^(CNY)$","required":false},{"id":"fumofriday-9","name":"FumoFriday","type":"releaseGroup","value":"^(FumoFriday)$","required":false},{"id":"waechter-10","name":"Waechter","type":"releaseGroup","value":"^(Waechter)$","required":false},{"id":"gp-11","name":"GP","type":"releaseGroup","value":"^(GP)$","required":false},{"id":"driftking-12","name":"DRiFTKiNG","type":"releaseGroup","value":"\\b(DRiFTKiNG|DK)\\b","required":false},{"id":"bluray-13","name":"Bluray","type":"source","value":"BLURAY","required":true}]'::jsonb, '[{"id":"not-remux-14","name":"Not REMUX","type":"source","value":"DVD","required":true}]'::jsonb),
    ('82cc7396f79afb2da7ac485235254ade', 'German Anime Bluray Tier 02', '[{"id":"abj-0","name":"ABJ","type":"releaseGroup","value":"^(ABJ)$","required":false},{"id":"vector-1","name":"VECTOR","type":"releaseGroup","value":"(VECTOR)$","required":false},{"id":"zerotwo-2","name":"ZeroTwo","type":"releaseGroup","value":"^(ZeroTwo)$","required":false},{"id":"zerotwo-aliases-3","name":"ZeroTwo Aliases","type":"releaseGroup","value":"\\b(BUTTERCUP|HARTZ02|XiSS|DOGPACK404|PRiNCESSDiANA|DiVA|WAREZCX|BiTCHNUGGET)\\b","required":false},{"id":"sixtynine-4","name":"SiXTYNiNE","type":"releaseGroup","value":"^(SiXTYNiNE)$","required":false},{"id":"phm-5","name":"PHM","type":"releaseGroup","value":"^(PHM)$","required":false},{"id":"bluray-6","name":"Bluray","type":"source","value":"BLURAY","required":true}]'::jsonb, '[{"id":"not-remux-7","name":"Not REMUX","type":"source","value":"DVD","required":true}]'::jsonb),
    ('aa9661d31c293c4951967f2e4a4f232b', 'German Anime Bluray Tier 03', '[{"id":"subaru-0","name":"SUBARU","type":"releaseGroup","value":"^(SUBARU)$","required":false},{"id":"atax-1","name":"ATAX","type":"releaseGroup","value":"^(ATAX)$","required":false},{"id":"hdc-2","name":"HDC","type":"releaseGroup","value":"^(HDC)$","required":false},{"id":"mindus-3","name":"Mindus","type":"releaseGroup","value":"^(Mindus)$","required":false},{"id":"4baka-4","name":"4Baka","type":"releaseGroup","value":"^(4Baka)$","required":false},{"id":"w33bshit-5","name":"W33BSHiT","type":"releaseGroup","value":"^(W33BSHiT)$","required":false},{"id":"ast4u-6","name":"AST4u","type":"releaseGroup","value":"^(AST4u)$","required":false}]'::jsonb, '[{"id":"not-remux-7","name":"Not Remux","type":"quality","value":"Remux","required":true}]'::jsonb),
    ('90cfd463ac844e4911ee277ddd566d87', 'German Anime Scene', '[{"id":"onigiri-0","name":"ONiGiRi","type":"releaseGroup","value":"^(ONiGiRi)$","required":false},{"id":"stars-1","name":"STARS","type":"releaseGroup","value":"^(STARS)$","required":false},{"id":"dmpd-2","name":"DMPD","type":"releaseGroup","value":"^(DMPD)$","required":false},{"id":"ohd-3","name":"OHD","type":"releaseGroup","value":"^(OHD)$","required":false},{"id":"sauerkraut-4","name":"SAUERKRAUT","type":"releaseGroup","value":"^(SAUERKRAUT)$","required":false},{"id":"3mina-5","name":"3MINA","type":"releaseGroup","value":"^(3MINA)$","required":false},{"id":"fwb-6","name":"FWB","type":"releaseGroup","value":"^(FWB)$","required":false},{"id":"bigint-7","name":"BiGiNT","type":"releaseGroup","value":"^(BiGiNT)$","required":false},{"id":"mrw-8","name":"MRW","type":"releaseGroup","value":"^(MRW)$","required":false},{"id":"gsg9-9","name":"GSG9","type":"releaseGroup","value":"^(GSG9)$","required":false},{"id":"sow-10","name":"SoW","type":"releaseGroup","value":"^(SoW)$","required":false}]'::jsonb, '[]'::jsonb),
    ('c9215ef384f238e89a2f07f9cfd71978', 'German Anime Web Tier 01', '[{"id":"baka-0","name":"Baka","type":"releaseGroup","value":"^(Baka)$","required":false},{"id":"pudding-sama-1","name":"Pudding-sama","type":"releaseGroup","value":"^(Pudding[-]?sama)$","required":false},{"id":"rtemp-2","name":"RTemp","type":"releaseGroup","value":"^(RTemp)$","required":false},{"id":"snk-3","name":"snk","type":"releaseGroup","value":"\\b(snk|shw)\\b","required":false},{"id":"ainz-4","name":"Ainz","type":"releaseGroup","value":"^(Ainz)$","required":false},{"id":"tvr-5","name":"TvR","type":"releaseGroup","value":"^(TvR)$","required":false},{"id":"tanuki-6","name":"Tanuki","type":"releaseGroup","value":"^(Tanuki)$","required":false},{"id":"hishiro-7","name":"HiSHiRO","type":"releaseGroup","value":"^(HiSHiRO)$","required":false},{"id":"weebpinn-8","name":"WeebPinn","type":"releaseGroup","value":"^(WeebPinn)$","required":false},{"id":"lynacchi-9","name":"Lynacchi","type":"releaseGroup","value":"^(Lynacchi)$","required":false},{"id":"driftking-10","name":"DRiFTKiNG","type":"releaseGroup","value":"\\b(DRiFTKiNG|DK)\\b","required":false},{"id":"webdl-11","name":"WebDL","type":"source","value":"WEBDL","required":false},{"id":"webrip-12","name":"WebRip","type":"source","value":"WEBRIP","required":false}]'::jsonb, '[]'::jsonb),
    ('d0af6c5754b3bd6abb99e7bfe8fdf5b9', 'German Anime Web Tier 02', '[{"id":"abj-0","name":"ABJ","type":"releaseGroup","value":"^(ABJ)$","required":false},{"id":"vector-1","name":"VECTOR","type":"releaseGroup","value":"(VECTOR)$","required":false},{"id":"zerotwo-2","name":"ZeroTwo","type":"releaseGroup","value":"^(ZeroTwo)$","required":false},{"id":"zerotwo-aliases-3","name":"ZeroTwo Aliases","type":"releaseGroup","value":"\\b(BUTTERCUP|HARTZ02|XiSS|DOGPACK404|PRiNCESSDiANA|DiVA|WAREZCX|BiTCHNUGGET)\\b","required":false},{"id":"sixtynine-4","name":"SiXTYNiNE","type":"releaseGroup","value":"^(SiXTYNiNE)$","required":false},{"id":"ao-5","name":"AO","type":"releaseGroup","value":"^(AO)$","required":false},{"id":"meld-6","name":"MELD","type":"releaseGroup","value":"^(MELD)$","required":false},{"id":"webdl-7","name":"WebDL","type":"source","value":"WEBDL","required":false},{"id":"webrip-8","name":"WebRip","type":"source","value":"WEBRIP","required":false}]'::jsonb, '[]'::jsonb),
    ('54795711b78ea87e56127928c423689b', 'German Bluray Tier 01', '[{"id":"zerotwo-0","name":"ZeroTwo","type":"releaseGroup","value":"^(ZeroTwo)$","required":false},{"id":"zerotwo-aliases-1","name":"ZeroTwo Aliases","type":"releaseGroup","value":"\\b(BUTTERCUP|HARTZ02|XiSS|DOGPACK404|PRiNCESSDiANA|DiVA|WAREZCX|BiTCHNUGGET)\\b","required":false},{"id":"tscc-2","name":"TSCC","type":"releaseGroup","value":"^(TSCC)$","required":false},{"id":"tvr-3","name":"TvR","type":"releaseGroup","value":"^(TvR)$","required":false},{"id":"nima4k-4","name":"NIMA4K","type":"releaseGroup","value":"^(NIMA4K)$","required":false},{"id":"tvs-5","name":"TVS","type":"releaseGroup","value":"^(TVS)$","required":false},{"id":"pxl-6","name":"PXL","type":"releaseGroup","value":"^(PXL)$","required":false},{"id":"cny-7","name":"CNY","type":"releaseGroup","value":"^(CNY)$","required":false},{"id":"weebpinn-8","name":"WeebPinn","type":"releaseGroup","value":"^(WeebPinn)$","required":false},{"id":"mama-9","name":"MAMA","type":"releaseGroup","value":"^(MAMA)$","required":false},{"id":"walterbishop-10","name":"WalterBishop","type":"releaseGroup","value":"^(WalterBishop)$","required":false},{"id":"bluray-11","name":"Bluray","type":"source","value":"BLURAY","required":true}]'::jsonb, '[{"id":"not-remux-12","name":"Not Remux","type":"quality","value":"Remux","required":true}]'::jsonb),
    ('1bfc773c53283d47c68e535811da30b7', 'German Bluray Tier 02', '[{"id":"vector-0","name":"VECTOR","type":"releaseGroup","value":"(VECTOR)$","required":false},{"id":"multiplex-1","name":"MULTiPLEX","type":"releaseGroup","value":"(MULTiPLEX)$","required":false},{"id":"sixtynine-2","name":"SiXTYNiNE","type":"releaseGroup","value":"(SiXTYNiNE)$","required":false},{"id":"oergel-3","name":"Oergel","type":"releaseGroup","value":"(Oergel)$","required":false},{"id":"abj-4","name":"ABJ","type":"releaseGroup","value":"(ABJ)$","required":false},{"id":"paranoid06-5","name":"paranoid06","type":"releaseGroup","value":"^(paranoid06)$","required":false},{"id":"rockethd-6","name":"RocketHD","type":"releaseGroup","value":"^(RocketHD)$","required":false},{"id":"bluray-7","name":"Bluray","type":"source","value":"BLURAY","required":true}]'::jsonb, '[{"id":"not-remux-8","name":"Not Remux","type":"quality","value":"Remux","required":true}]'::jsonb),
    ('aee01d40cd1bf4bcded81ee62f0f3659', 'German Bluray Tier 03', '[{"id":"robertdeniro-0","name":"RobertDeNiro","type":"releaseGroup","value":"^(RobertDeNiro)$","required":false},{"id":"leethd-1","name":"LeetHD","type":"releaseGroup","value":"^(LeetHD)$","required":false},{"id":"rhd-2","name":"RHD","type":"releaseGroup","value":"^(RHD)$","required":false},{"id":"hdsource-3","name":"HDSource","type":"releaseGroup","value":"^(HDSource)$","required":false},{"id":"unfired-4","name":"UNFIrED","type":"releaseGroup","value":"^(UNFIrED)$","required":false},{"id":"inception-5","name":"iNCEPTION","type":"releaseGroup","value":"^(iNCEPTION)$","required":false},{"id":"fx-6","name":"FX","type":"releaseGroup","value":"^(FX)$","required":false},{"id":"rdr-7","name":"RDR","type":"releaseGroup","value":"^(RDR)$","required":false},{"id":"bluray-8","name":"Bluray","type":"source","value":"BLURAY","required":true}]'::jsonb, '[{"id":"not-remux-9","name":"Not Remux","type":"quality","value":"Remux","required":true}]'::jsonb),
    ('263943bc5d99550c68aad0c4278ba1c7', 'German LQ', '[{"id":"1xbet-0","name":"1XBET","type":"releaseGroup","value":"^(1XBET)$","required":false},{"id":"2dead-1","name":"2dead","type":"releaseGroup","value":"^(2dead)$","required":false},{"id":"aida-2","name":"AIDA","type":"releaseGroup","value":"^(AIDA)$","required":false},{"id":"avtomat-3","name":"AVTOMAT","type":"releaseGroup","value":"^(AVTOMAT)$","required":false},{"id":"cancer58-4","name":"Cancer58","type":"releaseGroup","value":"^(Cancer58)$","required":false},{"id":"ctfoh-5","name":"CTFOH","type":"releaseGroup","value":"^(CTFOH)$","required":false},{"id":"emvy-6","name":"EMVY","type":"releaseGroup","value":"^(EMVY)$","required":false},{"id":"formba-7","name":"FORMBA","type":"releaseGroup","value":"^(FORMBA)$","required":false},{"id":"fraggers-8","name":"FRAGGERS","type":"releaseGroup","value":"^(FRAGGERS)$","required":false},{"id":"fsx-9","name":"FSX","type":"releaseGroup","value":"^(FSX)$","required":false},{"id":"getb8-10","name":"GETB8","type":"releaseGroup","value":"^(GETB8)$","required":false},{"id":"held-11","name":"HELD","type":"releaseGroup","value":"^(HELD)$","required":false},{"id":"isseymiyake-12","name":"iSSEYMiYAKE","type":"releaseGroup","value":"^(iSSEYMiYAKE)$","required":false},{"id":"kala-13","name":"kala","type":"releaseGroup","value":"^(kala)$","required":false},{"id":"kristallprinz-14","name":"Kristallprinz","type":"releaseGroup","value":"^(Kristallprinz)$","required":false},{"id":"law-15","name":"LAW","type":"releaseGroup","value":"^(LAW)$","required":false},{"id":"lizardsquad-16","name":"LizardSquad","type":"releaseGroup","value":"^(LizardSquad)$","required":false},{"id":"lurch-17","name":"LuRCH","type":"releaseGroup","value":"^(LuRCH)$","required":false},{"id":"mba-18","name":"MBA","type":"releaseGroup","value":"^(MBA)$","required":false},{"id":"mega-19","name":"MEGA","type":"releaseGroup","value":"^(MEGA)$","required":false},{"id":"n2d2-20","name":"N2D2","type":"releaseGroup","value":"^(N2D2)$","required":false},{"id":"oj-21","name":"OJ","type":"releaseGroup","value":"^(OJ)$","required":false},{"id":"omikron-22","name":"omikron","type":"releaseGroup","value":"^(omikron)$","required":false},{"id":"orca88-23","name":"ORCA88","type":"releaseGroup","value":"^(ORCA88)$","required":false},{"id":"p73-24","name":"P73","type":"releaseGroup","value":"^(P73)$","required":false},{"id":"paz-25","name":"PaZ","type":"releaseGroup","value":"^(PaZ)$","required":false},{"id":"pendeti-26","name":"Pendeti","type":"releaseGroup","value":"^(Pendeti)$","required":false},{"id":"pikachu-27","name":"PiKACHU","type":"releaseGroup","value":"^(PiKACHU)$","required":false},{"id":"pl-28","name":"PL","type":"releaseGroup","value":"^(PL)$","required":false},{"id":"poe-29","name":"POE","type":"releaseGroup","value":"^(POE)$","required":false},{"id":"ps-30","name":"PS","type":"releaseGroup","value":"^(PS)$","required":false},{"id":"pso-31","name":"PsO","type":"releaseGroup","value":"^(PsO)$","required":false},{"id":"reel-32","name":"REEL","type":"releaseGroup","value":"^(REEL)$","required":false},{"id":"sd7-33","name":"SD7","type":"releaseGroup","value":"^(SD7)$","required":false},{"id":"showe-34","name":"SHOWE","type":"releaseGroup","value":"^(SHOWE)$","required":false},{"id":"showehd-35","name":"SHOWEHD","type":"releaseGroup","value":"^(SHOWEHD)$","required":false},{"id":"sundry-36","name":"SunDry","type":"releaseGroup","value":"^(SunDry)$","required":false},{"id":"tfarc-37","name":"TFARC","type":"releaseGroup","value":"^(TFARC)$","required":false},{"id":"tvarchiv-38","name":"TVARCHiV","type":"releaseGroup","value":"^(TVARCHiV)$","required":false},{"id":"tvp-39","name":"TVP","type":"releaseGroup","value":"^(TVP)$","required":false},{"id":"tylor-d-40","name":"Tylor.D","type":"releaseGroup","value":"^(Tylor\\.D)$","required":false},{"id":"utopia-41","name":"UTOPiA","type":"releaseGroup","value":"^(UTOPiA)$","required":false},{"id":"videostar-42","name":"VideoStar","type":"releaseGroup","value":"^(VideoStar)$","required":false},{"id":"whistler-43","name":"Whistler","type":"releaseGroup","value":"^(Whistler)$","required":false},{"id":"wott-44","name":"WOTT","type":"releaseGroup","value":"^(WOTT)$","required":false},{"id":"zaidanulled-45","name":"ZaidaNulled","type":"releaseGroup","value":"^(ZaidaNulled)$","required":false}]'::jsonb, '[]'::jsonb),
    ('03c430f326f10a27a9739b8bc83c30e4', 'German Microsized', '[{"id":"fun-0","name":"FuN","type":"releaseGroup","value":"^(FuN)$","required":false},{"id":"w00t-1","name":"w00t","type":"releaseGroup","value":"^(w00t)$","required":false},{"id":"gtf-2","name":"GTF","type":"releaseGroup","value":"^(GTF)$","required":false},{"id":"jellyfinplex-3","name":"JellyfinPlex","type":"releaseGroup","value":"^(JellyfinPlex)$","required":false},{"id":"bb-4","name":"BB","type":"releaseGroup","value":"^(BB)$","required":false},{"id":"266ers-5","name":"266ers","type":"releaseGroup","value":"^(266ers)$","required":false}]'::jsonb, '[]'::jsonb),
    ('8608a2ed20c636b8a62de108e9147713', 'German Remux Tier 01', '[{"id":"tvr-0","name":"TvR","type":"releaseGroup","value":"(TvR)$","required":false},{"id":"pmhd-1","name":"pmHD","type":"releaseGroup","value":"(pmHD)$","required":false},{"id":"nima4k-2","name":"NIMA4K","type":"releaseGroup","value":"(NIMA4K)$","required":false},{"id":"qfg-3","name":"QfG","type":"releaseGroup","value":"(QfG)$","required":false},{"id":"weebpinn-4","name":"WeebPinn","type":"releaseGroup","value":"^(WeebPinn)$","required":false},{"id":"mama-5","name":"MAMA","type":"releaseGroup","value":"^(MAMA)$","required":false},{"id":"remux-6","name":"Remux","type":"quality","value":"Remux","required":true}]'::jsonb, '[]'::jsonb),
    ('f9cf598d55ce532d63596b060a6db9ee', 'German Remux Tier 02', '[{"id":"multiplex-0","name":"MULTiPLEX","type":"releaseGroup","value":"(MULTiPLEX)$","required":false},{"id":"rhd-1","name":"RHD","type":"releaseGroup","value":"^(RHD)$","required":false},{"id":"hdsource-2","name":"HDSource","type":"releaseGroup","value":"^(HDSource)$","required":false},{"id":"inception-3","name":"iNCEPTION","type":"releaseGroup","value":"^(iNCEPTION)$","required":false},{"id":"fx-4","name":"FX","type":"releaseGroup","value":"^(FX)$","required":false},{"id":"rockethd-5","name":"RocketHD","type":"releaseGroup","value":"^(RocketHD)$","required":false},{"id":"remux-6","name":"Remux","type":"quality","value":"Remux","required":true}]'::jsonb, '[]'::jsonb),
    ('2d136d4e33082fe573d06b1f237c40dd', 'German Scene', '[{"id":"details-0","name":"DETAiLS","type":"releaseGroup","value":"^(DETAiLS)$","required":false},{"id":"wayne-1","name":"WAYNE","type":"releaseGroup","value":"^(WAYNE)$","required":false},{"id":"wombat-2","name":"WOMBAT","type":"releaseGroup","value":"^(WOMBAT)$","required":false},{"id":"sauerkraut-3","name":"SAUERKRAUT","type":"releaseGroup","value":"^(SAUERKRAUT)$","required":false},{"id":"wvf-4","name":"WvF","type":"releaseGroup","value":"^(WvF)$","required":false},{"id":"4kconnection-5","name":"4KCONNECTiON","type":"releaseGroup","value":"^(4KCONNECTiON)$","required":false},{"id":"stars-6","name":"STARS","type":"releaseGroup","value":"^(STARS)$","required":false},{"id":"awards-7","name":"AWARDS","type":"releaseGroup","value":"^(AWARDS)$","required":false},{"id":"dmpd-8","name":"DMPD","type":"releaseGroup","value":"^(DMPD)$","required":false},{"id":"excited-9","name":"EXCiTED","type":"releaseGroup","value":"^(EXCiTED)$","required":false},{"id":"intention-10","name":"iNTENTiON","type":"releaseGroup","value":"^(iNTENTiON)$","required":false},{"id":"jajunge-11","name":"JaJunge","type":"releaseGroup","value":"^(JaJunge)$","required":false},{"id":"mge-12","name":"MGE","type":"releaseGroup","value":"^(MGE)$","required":false},{"id":"misfits-13","name":"MisFiTS","type":"releaseGroup","value":"^(MisFiTS)$","required":false},{"id":"rubbish-14","name":"RUBBiSH","type":"releaseGroup","value":"^(RUBBiSH)$","required":false},{"id":"rwp-15","name":"RWP","type":"releaseGroup","value":"^(RWP)$","required":false},{"id":"tmsf-16","name":"TMSF","type":"releaseGroup","value":"^(TMSF)$","required":false},{"id":"tv4a-17","name":"TV4A","type":"releaseGroup","value":"^(TV4A)$","required":false},{"id":"haxe-18","name":"HAXE","type":"releaseGroup","value":"^(HAXE)$","required":false},{"id":"muhhd-19","name":"muhHD","type":"releaseGroup","value":"^(muhHD)$","required":false},{"id":"rile-20","name":"RiLE","type":"releaseGroup","value":"^(RiLE)$","required":false},{"id":"w4k-21","name":"W4K","type":"releaseGroup","value":"^(W4K)$","required":false},{"id":"endstation-22","name":"ENDSTATiON","type":"releaseGroup","value":"^(ENDSTATiON)$","required":false},{"id":"hdarchiv-23","name":"HDARCHiV","type":"releaseGroup","value":"^(HDARCHiV)$","required":false},{"id":"pl3x-24","name":"PL3X","type":"releaseGroup","value":"^(PL3X)$","required":false},{"id":"watchable-25","name":"WATCHABLE","type":"releaseGroup","value":"^(WATCHABLE)$","required":false},{"id":"ohd-26","name":"OHD","type":"releaseGroup","value":"^(OHD)$","required":false},{"id":"encounters-27","name":"ENCOUNTERS","type":"releaseGroup","value":"^(ENCOUNTERS)$","required":false},{"id":"rsg-28","name":"RSG","type":"releaseGroup","value":"^(RSG)$","required":false},{"id":"oca-29","name":"OCA","type":"releaseGroup","value":"^(OCA)$","required":false},{"id":"undertakers-30","name":"UNDERTAKERS","type":"releaseGroup","value":"^(UNDERTAKERS)$","required":false},{"id":"cdp-31","name":"CDP","type":"releaseGroup","value":"^(CDP)$","required":false},{"id":"saviourhd-32","name":"SAViOURHD","type":"releaseGroup","value":"^(SAViOURHD)$","required":false},{"id":"rile-33","name":"RiLE","type":"releaseGroup","value":"^(RiLE)$","required":false},{"id":"contribution-34","name":"CONTRiBUTiON","type":"releaseGroup","value":"^(CONTRiBUTiON)$","required":false},{"id":"gorehounds-35","name":"GOREHOUNDS","type":"releaseGroup","value":"^(GOREHOUNDS)$","required":false},{"id":"spicy-36","name":"SPiCY","type":"releaseGroup","value":"^(SPiCY)$","required":false},{"id":"bi0hazard-37","name":"bi0hazard","type":"releaseGroup","value":"^(bi0hazard)$","required":false}]'::jsonb, '[]'::jsonb),
    ('a2ab25194f463f057a5559c03c84a3df', 'German Web Tier 01', '[{"id":"cny-0","name":"CNY","type":"releaseGroup","value":"^(CNY)$","required":false},{"id":"d02ku-1","name":"D02KU","type":"releaseGroup","value":"^(D02KU)$","required":false},{"id":"komet-2","name":"KOMET","type":"releaseGroup","value":"^(KOMET)$","required":false},{"id":"mediathek-3","name":"MEDiATHEK","type":"releaseGroup","value":"^(MEDiATHEK)$","required":false},{"id":"nima4k-4","name":"NIMA4K","type":"releaseGroup","value":"^(NIMA4K)$","required":false},{"id":"pmhd-5","name":"pmHD","type":"releaseGroup","value":"^(pmHD)$","required":false},{"id":"pxl-6","name":"PXL","type":"releaseGroup","value":"^(PXL)$","required":false},{"id":"qfg-7","name":"QfG","type":"releaseGroup","value":"^(QfG)$","required":false},{"id":"riir-8","name":"RiiR","type":"releaseGroup","value":"^(RiiR)$","required":false},{"id":"riir-aliases-9","name":"RiiR Aliases","type":"releaseGroup","value":"\\b(TOJ)\\b","required":false},{"id":"slide-10","name":"SLiDE","type":"releaseGroup","value":"^(SLiDE)$","required":false},{"id":"tscc-11","name":"TSCC","type":"releaseGroup","value":"^(TSCC)$","required":false},{"id":"tvr-12","name":"TvR","type":"releaseGroup","value":"^(TvR)$","required":false},{"id":"tvs-13","name":"TVS","type":"releaseGroup","value":"^(TVS)$","required":false},{"id":"walterbishop-14","name":"WalterBishop","type":"releaseGroup","value":"^(WalterBishop)$","required":false},{"id":"weebpinn-15","name":"WeebPinn","type":"releaseGroup","value":"^(WeebPinn)$","required":false},{"id":"zerotwo-16","name":"ZeroTwo","type":"releaseGroup","value":"^(ZeroTwo)$","required":false},{"id":"zerotwo-aliases-17","name":"ZeroTwo Aliases","type":"releaseGroup","value":"\\b(BUTTERCUP|HARTZ02|XiSS|DOGPACK404|PRiNCESSDiANA|DiVA|WAREZCX|BiTCHNUGGET)\\b","required":false},{"id":"webdl-18","name":"WebDL","type":"source","value":"WEBDL","required":false},{"id":"webrip-19","name":"WebRip","type":"source","value":"WEBRIP","required":false}]'::jsonb, '[]'::jsonb),
    ('08d120d5a003ec4954b5b255c0691d79', 'German Web Tier 02', '[{"id":"4sf-0","name":"4SF","type":"releaseGroup","value":"(4SF)$","required":false},{"id":"abj-1","name":"ABJ","type":"releaseGroup","value":"(ABJ)$","required":false},{"id":"florix-2","name":"FLORiX","type":"releaseGroup","value":"^(FLORiX)$","required":false},{"id":"multiplex-3","name":"MULTiPLEX","type":"releaseGroup","value":"(MULTiPLEX)$","required":false},{"id":"oergel-4","name":"Oergel","type":"releaseGroup","value":"(Oergel)$","required":false},{"id":"paranoid06-5","name":"paranoid06","type":"releaseGroup","value":"^(paranoid06)$","required":false},{"id":"sixtynine-6","name":"SiXTYNiNE","type":"releaseGroup","value":"(SiXTYNiNE)$","required":false},{"id":"vector-7","name":"VECTOR","type":"releaseGroup","value":"(VECTOR)$","required":false},{"id":"webdl-8","name":"WebDL","type":"source","value":"WEBDL","required":false},{"id":"webrip-9","name":"WebRip","type":"source","value":"WEBRIP","required":false}]'::jsonb, '[]'::jsonb),
    ('439f9d71becaed589058ec949e037ff3', 'German Web Tier 03', '[{"id":"robertdeniro-0","name":"RobertDeNiro","type":"releaseGroup","value":"(RobertDeNiro)$","required":false},{"id":"balenciaga-1","name":"BALENCiAGA","type":"releaseGroup","value":"(BALENCiAGA)$","required":false},{"id":"hdsource-2","name":"HDSource","type":"releaseGroup","value":"^(HDSource)$","required":false},{"id":"fx-3","name":"FX","type":"releaseGroup","value":"^(FX)$","required":false},{"id":"rdr-4","name":"RDR","type":"releaseGroup","value":"^(RDR)$","required":false},{"id":"webdl-5","name":"WebDL","type":"source","value":"WEBDL","required":false},{"id":"webrip-6","name":"WebRip","type":"source","value":"WEBRIP","required":false}]'::jsonb, '[]'::jsonb),
    ('ed27ebfef2f323e964fb1f61391bcb35', 'HD Bluray Tier 01', '[{"id":"bluray-0","name":"BLURAY","type":"source","value":"BLURAY","required":true},{"id":"bbq-3","name":"BBQ","type":"releaseGroup","value":"^(BBQ)$","required":false},{"id":"bmf-4","name":"BMF","type":"releaseGroup","value":"^(BMF)$","required":false},{"id":"c0ke-5","name":"c0kE","type":"releaseGroup","value":"^(c0kE)$","required":false},{"id":"chotab-6","name":"Chotab","type":"releaseGroup","value":"^(Chotab)$","required":false},{"id":"crisc-7","name":"CRiSC","type":"releaseGroup","value":"^(CRiSC)$","required":false},{"id":"ctrlhd-8","name":"CtrlHD","type":"releaseGroup","value":"^(CtrlHD)$","required":false},{"id":"d-z0n3-9","name":"D-Z0N3","type":"releaseGroup","value":"^(D-Z0N3)$","required":false},{"id":"dariush-10","name":"Dariush","type":"releaseGroup","value":"^(Dariush)$","required":false},{"id":"decibel-11","name":"decibeL","type":"releaseGroup","value":"^(decibeL)$","required":false},{"id":"don-12","name":"DON","type":"releaseGroup","value":"^(DON)$","required":false},{"id":"ebp-13","name":"EbP","type":"releaseGroup","value":"^(EbP)$","required":false},{"id":"edph-14","name":"EDPH","type":"releaseGroup","value":"^(EDPH)$","required":false},{"id":"geek-15","name":"Geek","type":"releaseGroup","value":"^(Geek)$","required":false},{"id":"lolhd-16","name":"LolHD","type":"releaseGroup","value":"^(LolHD)$","required":false},{"id":"ncmt-17","name":"NCmt","type":"releaseGroup","value":"^(NCmt)$","required":false},{"id":"pter-18","name":"PTer","type":"releaseGroup","value":"^(PTer)$","required":false},{"id":"tayto-19","name":"TayTO","type":"releaseGroup","value":"^(TayTO)$","required":false},{"id":"tdd-20","name":"TDD","type":"releaseGroup","value":"^(TDD)$","required":false},{"id":"tnp-21","name":"TnP","type":"releaseGroup","value":"^(TnP)$","required":false},{"id":"viethd-22","name":"VietHD","type":"releaseGroup","value":"^(VietHD)$","required":false},{"id":"zq-23","name":"ZQ","type":"releaseGroup","value":"^(ZQ)$","required":false},{"id":"zorosenpai-24","name":"ZoroSenpai","type":"releaseGroup","value":"^(ZoroSenpai)$","required":false}]'::jsonb, '[{"id":"not-remux-1","name":"Not REMUX","type":"quality","value":"REMUX","required":true},{"id":"not-2160p-2","name":"Not 2160p","type":"resolution","value":"2160","required":true}]'::jsonb),
    ('c20c8647f2746a1f4c4262b0fbbeeeae', 'HD Bluray Tier 02', '[{"id":"bluray-0","name":"BLURAY","type":"source","value":"BLURAY","required":true},{"id":"atelier-3","name":"ATELiER","type":"releaseGroup","value":"^(ATELiER)$","required":false},{"id":"ea-4","name":"EA","type":"releaseGroup","value":"^(EA)$","required":false},{"id":"hidt-5","name":"HiDt","type":"releaseGroup","value":"^(HiDt)$","required":false},{"id":"hisd-6","name":"HiSD","type":"releaseGroup","value":"^(HiSD)$","required":false},{"id":"ift-7","name":"iFT","type":"releaseGroup","value":"^(iFT)$","required":false},{"id":"ntb-8","name":"NTb","type":"releaseGroup","value":"^(NTb)$","required":false},{"id":"qoq-9","name":"QOQ","type":"releaseGroup","value":"^(QOQ)$","required":false},{"id":"sa89-10","name":"SA89","type":"releaseGroup","value":"^(SA89)$","required":false},{"id":"sbr-11","name":"sbR","type":"releaseGroup","value":"^(sbR)$","required":false}]'::jsonb, '[{"id":"not-remux-1","name":"Not REMUX","type":"quality","value":"REMUX","required":true},{"id":"not-2160p-2","name":"Not 2160p","type":"resolution","value":"2160","required":true}]'::jsonb),
    ('0f12c086e289cf966fa5948eac571f44', 'Hybrid', '[{"id":"hybrid-0","name":"Hybrid","type":"releaseTitle","value":"\\bhybrid(\\b|\\d)","required":false},{"id":"bluray-2","name":"Bluray","type":"source","value":"BLURAY","required":false}]'::jsonb, '[{"id":"not-hybrid-release-group-1","name":"Not Hybrid Release Group","type":"releaseGroup","value":"\\b(HYBRID)\\b","required":true}]'::jsonb),
    ('90a6f9a284dff5103f6346090e6280c8', 'LQ', '[{"id":"24xhd-0","name":"24xHD","type":"releaseGroup","value":"\\b(24xHD)\\b","required":false},{"id":"41rgb-1","name":"41RGB","type":"releaseGroup","value":"^(41RGB)$","required":false},{"id":"4k4u-2","name":"4K4U","type":"releaseGroup","value":"^(4K4U)$","required":false},{"id":"aoc-3","name":"AOC","type":"releaseGroup","value":"^(AOC)$","required":false},{"id":"aroma-4","name":"AROMA","type":"releaseGroup","value":"^(AROMA)$","required":false},{"id":"axxo-5","name":"aXXo","type":"releaseGroup","value":"^(aXXo)$","required":false},{"id":"azaze-6","name":"AZAZE","type":"releaseGroup","value":"^(AZAZE)$","required":false},{"id":"barc0de-7","name":"BARC0DE","type":"releaseGroup","value":"^(BARC0DE)$","required":false},{"id":"bauckley-8","name":"BAUCKLEY","type":"releaseGroup","value":"^(BAUCKLEY)$","required":false},{"id":"bdc-9","name":"BdC","type":"releaseGroup","value":"^(BdC)$","required":false},{"id":"beast-10","name":"beAst","type":"releaseGroup","value":"^(beAst)$","required":false},{"id":"btm-11","name":"BTM","type":"releaseGroup","value":"^(BTM)$","required":false},{"id":"c1nem4-12","name":"C1NEM4","type":"releaseGroup","value":"^(C1NEM4)$","required":false},{"id":"c4k-13","name":"C4K","type":"releaseGroup","value":"^(C4K)$","required":false},{"id":"cddhd-14","name":"CDDHD","type":"releaseGroup","value":"^(CDDHD)$","required":false},{"id":"chaos-15","name":"CHAOS","type":"releaseGroup","value":"^(CHAOS)$","required":false},{"id":"chd-16","name":"CHD","type":"releaseGroup","value":"^(CHD)$","required":false},{"id":"cine-17","name":"CiNE","type":"releaseGroup","value":"^(CiNE)$","required":false},{"id":"collective-18","name":"COLLECTiVE","type":"releaseGroup","value":"^(COLLECTiVE)$","required":false},{"id":"creative24-19","name":"CREATiVE24","type":"releaseGroup","value":"^(CREATiVE24)$","required":false},{"id":"crewsade-20","name":"CrEwSaDe","type":"releaseGroup","value":"^(CrEwSaDe)$","required":false},{"id":"ctfoh-21","name":"CTFOH","type":"releaseGroup","value":"^(CTFOH)$","required":false},{"id":"d3g-22","name":"d3g","type":"releaseGroup","value":"^(d3g)$","required":false},{"id":"ddr-23","name":"DDR","type":"releaseGroup","value":"^(DDR)$","required":false},{"id":"dnl-24","name":"DNL","type":"releaseGroup","value":"^(DNL)$","required":false},{"id":"drx-25","name":"DRX","type":"releaseGroup","value":"^(DRX)$","required":false},{"id":"e-26","name":"E","type":"releaseGroup","value":"^(E)$","required":false},{"id":"epic-27","name":"EPiC","type":"releaseGroup","value":"^(EPiC)$","required":false},{"id":"eureka-28","name":"EuReKA","type":"releaseGroup","value":"^(EuReKA)$","required":false},{"id":"fangding0-29","name":"FaNGDiNG0","type":"releaseGroup","value":"^(FaNGDiNG0)$","required":false},{"id":"feranki1980-30","name":"Feranki1980","type":"releaseGroup","value":"^(Feranki1980)$","required":false},{"id":"fgt-31","name":"FGT","type":"releaseGroup","value":"^(FGT)$","required":false},{"id":"fmd-32","name":"FMD","type":"releaseGroup","value":"^(FMD)$","required":false},{"id":"frds-33","name":"FRDS","type":"releaseGroup","value":"^(FRDS)$","required":false},{"id":"fzhd-34","name":"FZHD","type":"releaseGroup","value":"^(FZHD)$","required":false},{"id":"galaxyrg-35","name":"GalaxyRG","type":"releaseGroup","value":"^(GalaxyRG)$","required":false},{"id":"ghd-36","name":"GHD","type":"releaseGroup","value":"^(GHD)$","required":false},{"id":"gpthd-37","name":"GPTHD","type":"releaseGroup","value":"^(GPTHD)$","required":false},{"id":"hdhub4u-38","name":"HDHUB4U","type":"releaseGroup","value":"^(HDHUB4U)$","required":false},{"id":"hds-39","name":"HDS","type":"releaseGroup","value":"^(HDS)$","required":false},{"id":"hdt-40","name":"HDT","type":"releaseGroup","value":"^(HDT)$","required":false},{"id":"hdtime-41","name":"HDTime","type":"releaseGroup","value":"^(HDTime)$","required":false},{"id":"hdwing-42","name":"HDWinG","type":"releaseGroup","value":"^(HDWinG)$","required":false},{"id":"intenso-43","name":"iNTENSO","type":"releaseGroup","value":"^(iNTENSO)$","required":false},{"id":"iplanet-44","name":"iPlanet","type":"releaseGroup","value":"^(iPlanet)$","required":false},{"id":"ivy-45","name":"iVy","type":"releaseGroup","value":"^(iVy)$","required":false},{"id":"jennaortega-46","name":"jennaortega","type":"releaseGroup","value":"^(jennaortega(UHD)?)$","required":false},{"id":"jff-47","name":"JFF","type":"releaseGroup","value":"^(JFF)$","required":false},{"id":"kc-48","name":"KC","type":"releaseGroup","value":"^(KC)$","required":false},{"id":"kingdom-49","name":"KiNGDOM","type":"releaseGroup","value":"^(KiNGDOM)$","required":false},{"id":"kira-50","name":"KIRA","type":"releaseGroup","value":"^(KIRA)$","required":false},{"id":"l0sernight-51","name":"L0SERNIGHT","type":"releaseGroup","value":"^(L0SERNIGHT)$","required":false},{"id":"lama-52","name":"LAMA","type":"releaseGroup","value":"^(LAMA)$","required":false},{"id":"leffe-53","name":"Leffe","type":"releaseGroup","value":"^(Leffe)$","required":false},{"id":"liber8-54","name":"Liber8","type":"releaseGroup","value":"^(Liber8)$","required":false},{"id":"ligas-55","name":"LiGaS","type":"releaseGroup","value":"^(LiGaS)$","required":false},{"id":"lucy-56","name":"LUCY","type":"releaseGroup","value":"^(LUCY)$","required":false},{"id":"markii-57","name":"MarkII","type":"releaseGroup","value":"^(MarkII)$","required":false},{"id":"megusta-58","name":"MeGusta","type":"releaseGroup","value":"^(MeGusta)$","required":false},{"id":"mesc-59","name":"Mesc","type":"releaseGroup","value":"^(Mesc)$","required":false},{"id":"mhd-60","name":"mHD","type":"releaseGroup","value":"^(mHD)$","required":false},{"id":"msd-61","name":"mSD","type":"releaseGroup","value":"^(mSD)$","required":false},{"id":"mteam-62","name":"MTeam","type":"releaseGroup","value":"^(MTeam|MT)$","required":false},{"id":"mysilu-63","name":"MySiLU","type":"releaseGroup","value":"^(MySiLU)$","required":false},{"id":"nhanc3-64","name":"NhaNc3","type":"releaseGroup","value":"^(NhaNc3)$","required":false},{"id":"nhd-65","name":"nHD","type":"releaseGroup","value":"^(nHD)$","required":false},{"id":"nikt0-66","name":"nikt0","type":"releaseGroup","value":"^(nikt0)$","required":false},{"id":"nogroup-67","name":"NoGroup","type":"releaseGroup","value":"NoGr(ou)?p","required":false},{"id":"nsd-68","name":"nSD","type":"releaseGroup","value":"^(nSD)$","required":false},{"id":"oft-69","name":"OFT","type":"releaseGroup","value":"^(OFT)$","required":false},{"id":"pahe-70","name":"Pahe","type":"releaseGroup","value":"Pahe(\\.(ph|in))?\\b","required":false},{"id":"patomiel-71","name":"PATOMiEL","type":"releaseGroup","value":"^(PATOMiEL)$","required":false},{"id":"prodji-72","name":"PRODJi","type":"releaseGroup","value":"^(PRODJi)$","required":false},{"id":"psa-73","name":"PSA","type":"releaseGroup","value":"^(PSA)$","required":false},{"id":"ptnk-74","name":"PTNK","type":"releaseGroup","value":"^(PTNK)$","required":false},{"id":"rarbg-75","name":"RARBG","type":"releaseGroup","value":"^(RARBG)$","required":false},{"id":"rbb-76","name":"RBB","type":"releaseGroup","value":"^(RBB)$","required":false},{"id":"rdn-77","name":"RDN","type":"releaseGroup","value":"^(RDN)$","required":false},{"id":"rifftrax-78","name":"RiffTrax","type":"releaseGroup","value":"^(Rifftrax)$","required":false},{"id":"ru4hd-79","name":"RU4HD","type":"releaseGroup","value":"^(RU4HD)$","required":false},{"id":"santi-80","name":"SANTi","type":"releaseGroup","value":"^(SANTi)$","required":false},{"id":"scene-81","name":"Scene","type":"releaseGroup","value":"^(Scene)$","required":false},{"id":"shd-82","name":"SHD","type":"releaseGroup","value":"^(SHD)$","required":false},{"id":"shieldbearer-83","name":"ShieldBearer","type":"releaseGroup","value":"^(ShieldBearer)$","required":false},{"id":"stuttershit-84","name":"STUTTERSHIT","type":"releaseGroup","value":"^(STUTTERSHIT)$","required":false},{"id":"sunscreen-85","name":"SUNSCREEN","type":"releaseGroup","value":"^(SUNSCREEN)$","required":false},{"id":"tbs-86","name":"TBS","type":"releaseGroup","value":"^(TBS)$","required":false},{"id":"tekno3d-87","name":"TEKNO3D","type":"releaseGroup","value":"^(TEKNO3D)$","required":false},{"id":"tigole-88","name":"Tigole","type":"releaseGroup","value":"^(Tigole)$","required":false},{"id":"tiko-89","name":"TIKO","type":"releaseGroup","value":"^(TIKO)$","required":false},{"id":"visionplushdr-90","name":"VISIONPLUSHDR","type":"releaseGroup","value":"^(VISIONPLUSHDR(-X|1000)?)$","required":false},{"id":"waf-91","name":"WAF","type":"releaseGroup","value":"^(WAF)$","required":false},{"id":"wiki-92","name":"WiKi","type":"releaseGroup","value":"^(WiKi)$","required":false},{"id":"x0r-93","name":"x0r","type":"releaseGroup","value":"^(x0r)$","required":false},{"id":"yify-94","name":"YIFY","type":"releaseGroup","value":"^(YIFY)$","required":false},{"id":"yts-95","name":"YTS","type":"releaseGroup","value":"^(YTS(.(MX|LT|AG))?)$","required":false},{"id":"zeus-96","name":"Zeus","type":"releaseGroup","value":"^(Zeus)$","required":false}]'::jsonb, '[]'::jsonb),
    ('e204b80c87be9497a8a6eaff48f72905', 'LQ (Release Title)', '[{"id":"1xbet-0","name":"1XBET","type":"releaseTitle","value":"\\b(1XBET)\\b","required":false},{"id":"ben-the-men-1","name":"BEN THE MEN","type":"releaseTitle","value":"\\b(BEN[ ._-]THE[ ._-]MEN)\\b","required":false},{"id":"d3us-2","name":"D3US","type":"releaseTitle","value":"(-D3US|D3US-)","required":false},{"id":"evo-no-webdl-3","name":"EVO (no WEBDL)","type":"releaseTitle","value":"(?<=\\b[12]\\d{3}\\b.*?)(?<!\\b(web[ ._-]?(dl|rip)?).*?)\\b(EVO)\\b","required":false},{"id":"feranki1980-4","name":"Feranki1980","type":"releaseTitle","value":"\\b(Feranki1980)\\b","required":false},{"id":"galaxyrg-5","name":"GalaxyRG","type":"releaseTitle","value":"\\b(GalaxyRG)\\b","required":false},{"id":"hhweb-no-ma-6","name":"HHWEB (No MA)","type":"releaseTitle","value":"^(?!.*\\bMA\\b.*\\bWEB-?DL\\b).*\\b(HHWEB)\\b","required":false},{"id":"jennaortega-7","name":"jennaortega","type":"releaseTitle","value":"(?<!-)\\b(jennaortega(UHD)?)\\b","required":false},{"id":"pirates-no-webdl-8","name":"PiRaTeS (no WEBDL)","type":"releaseTitle","value":"(?<=\\b[12]\\d{3}\\b.*?)(?<!\\b(web[ ._-]?(dl|rip)?).*?)\\b(PiRaTeS)\\b","required":false},{"id":"r-h-9","name":"R&H","type":"releaseTitle","value":"\\b(R&H)\\b","required":false},{"id":"read-note-10","name":"READ NOTE","type":"releaseTitle","value":"\\b(READ(\\s|\\.)+NOTE)\\b","required":false},{"id":"swtyblz-11","name":"SWTYBLZ","type":"releaseTitle","value":"\\b(SWTYBLZ)\\b","required":false},{"id":"teewee-12","name":"TeeWee","type":"releaseTitle","value":"\\b(TeeWee)\\b","required":false},{"id":"tekno3d-13","name":"TEKNO3D","type":"releaseTitle","value":"\\b(TEKNO3D)\\b","required":false},{"id":"unkn0wn-noremux-14","name":"UnKn0wn (NoRemux)","type":"releaseTitle","value":"(?<!\\b(remux).*?)\\b(unkn0wn)\\b","required":false},{"id":"will1869-15","name":"Will1869","type":"releaseTitle","value":"\\b(Will1869)\\b","required":false}]'::jsonb, '[]'::jsonb),
    ('7357cf5161efbf8c4d5d0c30b4815ee2', 'Obfuscated', '[{"id":"4p-0","name":"4P","type":"releaseTitle","value":"-4P\\b","required":false},{"id":"4planet-1","name":"4Planet","type":"releaseTitle","value":"-4Planet\\b","required":false},{"id":"asrequested-2","name":"AsRequested","type":"releaseTitle","value":"-AsRequested\\b","required":false},{"id":"buymore-3","name":"BUYMORE","type":"releaseTitle","value":"-BUYMORE\\b","required":false},{"id":"chamele0n-4","name":"Chamele0n","type":"releaseTitle","value":"-Chamele0n\\b","required":false},{"id":"gerov-5","name":"GEROV","type":"releaseTitle","value":"-GEROV\\b","required":false},{"id":"inc0gnito-6","name":"iNC0GNiTO","type":"releaseTitle","value":"-iNC0GNiTO\\b","required":false},{"id":"nzbgeek-7","name":"NZBGeek","type":"releaseTitle","value":"-NZBGeek\\b","required":false},{"id":"obfuscated-8","name":"Obfuscated","type":"releaseTitle","value":"-Obfuscated\\b","required":false},{"id":"postbot-9","name":"postbot","type":"releaseTitle","value":"-postbot\\b","required":false},{"id":"rakuv-10","name":"Rakuv","type":"releaseTitle","value":"-Rakuv\\b","required":false},{"id":"scrambled-11","name":"Scrambled","type":"releaseTitle","value":"(?<=\\b[12]\\d{3}\\b).*(Scrambled)\\b","required":false},{"id":"whiterev-12","name":"WhiteRev","type":"releaseTitle","value":"-WhiteRev\\b","required":false},{"id":"xpost-13","name":"xpost","type":"releaseTitle","value":"-xpost\\b","required":false},{"id":"wrteam-14","name":"WRTEAM","type":"releaseTitle","value":"-WRTEAM\\b","required":false},{"id":"captcha-15","name":"CAPTCHA","type":"releaseTitle","value":"-CAPTCHA\\b","required":false},{"id":"nzb-16","name":"_nzb","type":"releaseTitle","value":"_nzb\\b","required":false}]'::jsonb, '[]'::jsonb),
    ('c9fd353f8f5f1baf56dc601c4cb29920', 'PCOK', '[{"id":"peacock-tv-0","name":"Peacock TV","type":"releaseTitle","value":"\\b(pcok|peacock)\\b","required":true},{"id":"webdl-1","name":"WEBDL","type":"source","value":"WEBDL","required":false},{"id":"webrip-2","name":"WEBRIP","type":"source","value":"WEBRIP","required":false}]'::jsonb, '[]'::jsonb),
    ('e36a0ba1bc902b26ee40818a1d59b8bd', 'PMTP', '[{"id":"paramount-0","name":"Paramount+","type":"releaseTitle","value":"\\b(pmtp|Paramount Plus)\\b","required":true},{"id":"webdl-1","name":"WEBDL","type":"source","value":"WEBDL","required":false},{"id":"webrip-2","name":"WEBRIP","type":"source","value":"WEBRIP","required":false}]'::jsonb, '[]'::jsonb),
    ('3a3ff47579026e76d6504ebea39390de', 'Remux Tier 01', '[{"id":"remux-0","name":"Remux","type":"quality","value":"Remux","required":true},{"id":"3l-1","name":"3L","type":"releaseGroup","value":"^(3L)$","required":false},{"id":"bizkit-2","name":"BiZKiT","type":"releaseGroup","value":"^(BiZKiT)$","required":false},{"id":"bluranium-3","name":"BLURANiUM","type":"releaseGroup","value":"^(BLURANiUM)$","required":false},{"id":"bmf-4","name":"BMF","type":"releaseGroup","value":"^(BMF)$","required":false},{"id":"cinephiles-5","name":"CiNEPHiLES","type":"releaseGroup","value":"^(CiNEPHiLES)$","required":false},{"id":"framestor-6","name":"FraMeSToR","type":"releaseGroup","value":"^(FraMeSToR)$","required":false},{"id":"piramidhead-7","name":"PiRAMiDHEAD","type":"releaseGroup","value":"^(PiRAMiDHEAD)$","required":false},{"id":"pmp-8","name":"PmP","type":"releaseGroup","value":"^(PmP)$","required":false},{"id":"wildcat-9","name":"WiLDCAT","type":"releaseGroup","value":"^(WiLDCAT)$","required":false},{"id":"zq-10","name":"ZQ","type":"releaseGroup","value":"^(ZQ)$","required":false}]'::jsonb, '[]'::jsonb),
    ('9f98181fe5a3fbeb0cc29340da2a468a', 'Remux Tier 02', '[{"id":"remux-0","name":"Remux","type":"quality","value":"Remux","required":true},{"id":"atelier-1","name":"ATELiER","type":"releaseGroup","value":"^(ATELiER)$","required":false},{"id":"ncmt-2","name":"NCmt","type":"releaseGroup","value":"^(NCmt)$","required":false},{"id":"playbd-3","name":"playBD","type":"releaseGroup","value":"^(playBD)$","required":false},{"id":"sicfoi-4","name":"SiCFoI","type":"releaseGroup","value":"^(SiCFoI)$","required":false},{"id":"surfinbird-5","name":"SURFINBIRD","type":"releaseGroup","value":"^(SURFINBIRD)$","required":false},{"id":"tepes-6","name":"TEPES","type":"releaseGroup","value":"^(TEPES)$","required":false}]'::jsonb, '[]'::jsonb),
    ('5c44f52a8714fdd79bb4d98e2673be1f', 'Retags', '[{"id":"rartv-0","name":"[rartv]","type":"releaseTitle","value":"\\[rartv\\]","required":false},{"id":"rarbg-1","name":"[rarbg]","type":"releaseTitle","value":"\\[rarbg\\]","required":false},{"id":"eztv-2","name":"[eztv]","type":"releaseTitle","value":"\\[eztvx?[ ._-]?(io|re|to)?\\]","required":false},{"id":"tgx-3","name":"[TGx]","type":"releaseTitle","value":"\\[TGx\\]","required":false},{"id":"vav-4","name":".VAV","type":"releaseTitle","value":"[.]VAV\\b","required":false},{"id":"heb-5","name":".heb","type":"releaseTitle","value":"[.]heb\\b","required":false},{"id":"orarbg-6","name":"ORARBG","type":"releaseTitle","value":"\\b(ORARBG)\\b","required":false}]'::jsonb, '[]'::jsonb),
    ('f537cf427b64c38c8e36298f657e4828', 'Scene', '[{"id":"scene-groups-naming-0","name":"Scene Groups + Naming","type":"releaseTitle","value":"^(?=.*(\\b\\d{3,4}p\\b).*([_. ]WEB[_. ])(?!DL)\\b)|\\b(-CAKES|-GGEZ|-GGWP|-GLHF|-GOSSIP|-NAISU|-KOGI|-PECULATE|-SLOT|-EDITH|-ETHEL|-ELEANOR|-B2B|-SPAMnEGGS|-FTP|-DiRT|-SYNCOPY|-BAE|-SuccessfulCrab|-NHTFS|-SURCODE|-B0MBARDIERS|-D3US|-BROTHERHOOD|-W4K|-STRiKES)","required":true}]'::jsonb, '[{"id":"not-inflate-deflate-1","name":"Not INFLATE/DEFLATE","type":"releaseTitle","value":"\\b(INFLATE|DEFLATE)\\b","required":true},{"id":"not-german-2","name":"Not GERMAN","type":"releaseTitle","value":"\\b(GERMAN)\\b","required":true}]'::jsonb),
    ('25c12f78430a3a23413652cbd1d48d77', 'SDR (no WEBDL)', '[{"id":"2160p-0","name":"2160p","type":"resolution","value":"2160","required":true},{"id":"sdr-2","name":"SDR","type":"releaseTitle","value":"\\bSDR\\b","required":false}]'::jsonb, '[{"id":"hdr-formats-1","name":"HDR Formats","type":"releaseTitle","value":"\\bHDR(\\b|\\d)|\\b(dv|dovi|dolby[ .]?v(ision)?)\\b|\\b(FraMeSToR|HQMUX|SICFoI)\\b|\\b(PQ)\\b|\\bHLG(\\b|\\d)","required":false},{"id":"not-webdl-3","name":"Not WEBDL","type":"source","value":"WEBDL","required":true},{"id":"not-webrip-4","name":"Not WEBRIP","type":"source","value":"WEBRIP","required":true}]'::jsonb),
    ('3cafb66171b47f226146a0770576870f', 'TrueHD', '[{"id":"truehd-0","name":"TrueHD","type":"releaseTitle","value":"True[ .-]?HD","required":true}]'::jsonb, '[{"id":"atmos-1","name":"ATMOS","type":"releaseTitle","value":"\\bATMOS(\\b|\\d)","required":true},{"id":"not-dolby-digital-plus-2","name":"Not Dolby Digital Plus","type":"releaseTitle","value":"\\bDD[P+]|\\b(e[-_. ]?ac-?3)\\b","required":true},{"id":"not-dts-3","name":"Not DTS","type":"releaseTitle","value":"\\bDTS(\\b|\\d)","required":true},{"id":"not-flac-4","name":"Not FLAC","type":"releaseTitle","value":"\\bFLAC(\\b|\\d)","required":true},{"id":"not-basic-dolby-digital-5","name":"Not Basic Dolby Digital","type":"releaseTitle","value":"\\bDD[^a-z+]|(?<!e-)\\b(ac-?3)\\b","required":true},{"id":"not-rlsgrp-truehd-only-6","name":"Not RlsGrp (TrueHD only)","type":"releaseTitle","value":"\\b(CtrlHD|W4NK3R|DON)\\b","required":true}]'::jsonb),
    ('496f355514737f7d83bf7aa4d24f8169', 'TrueHD ATMOS', '[{"id":"truehd-0","name":"TrueHD","type":"releaseTitle","value":"True[ .-]?HD|W4NK3R|HQMUX","required":true},{"id":"atmos-1","name":"ATMOS","type":"releaseTitle","value":"\\b(ATMOS|CtrlHD|W4NK3R|DON)(\\b|\\d)","required":true}]'::jsonb, '[{"id":"not-basic-dolby-digital-2","name":"Not Basic Dolby Digital","type":"releaseTitle","value":"\\bDD[^a-z+]|(?<!e-)\\b(ac-?3)\\b","required":true},{"id":"not-dolby-digital-plus-3","name":"Not Dolby Digital Plus ","type":"releaseTitle","value":"\\bDD[P+]|\\b(e[-_. ]?ac-?3)\\b","required":true},{"id":"not-dts-4","name":"Not DTS","type":"releaseTitle","value":"\\bDTS(\\b|\\d)","required":true},{"id":"not-dts-x-5","name":"Not DTS X","type":"releaseTitle","value":"\\b(dts[-_.: ]?x7?)\\b(?![-_. ]?(26[456]))","required":true},{"id":"not-flac-6","name":"Not FLAC","type":"releaseTitle","value":"\\bFLAC(\\b|\\d)","required":true}]'::jsonb),
    ('bfd8eb01832d646a0a89c4deb46f8564', 'Upscaled', '[{"id":"ai-upscales-0","name":"AI Upscales","type":"releaseTitle","value":"(?<=\\b[12]\\d{3}\\b)(?=.*\\b(HEVC)\\b)(?=.*\\b(AI)\\b)","required":false},{"id":"aius-1","name":"AIUS","type":"releaseTitle","value":"\\b(AIUS)\\b","required":false},{"id":"guyzo-2","name":"GuyZo","type":"releaseTitle","value":"\\b(GuyZo|BR-GuyZo)\\b","required":false},{"id":"regrade-3","name":"Regrade","type":"releaseTitle","value":"\\b((Upscale)?Re-?graded?)\\b","required":false},{"id":"rw-4","name":"RW","type":"releaseTitle","value":"\\b(RW)\\b","required":false},{"id":"theupscaler-5","name":"TheUpscaler","type":"releaseTitle","value":"\\b(The[ ._-]?Upscaler)\\b","required":false},{"id":"upscaled-6","name":"Upscaled","type":"releaseTitle","value":"(?<=\\b[12]\\d{3}\\b).*\\b(AI[ ._-]?Enhanced?|UPS(UHD)?|Upscaled?([ ._-]?UHD)?|UpRez)\\b","required":false}]'::jsonb, '[]'::jsonb),
    ('60f6d50cbd3cfc3e9a8c00e3a30c3114', 'VRV', '[{"id":"vrv-0","name":"VRV","type":"releaseTitle","value":"\\b(vrv)\\b","required":true},{"id":"webdl-1","name":"WEBDL","type":"source","value":"WEBDL","required":false},{"id":"webrip-2","name":"WEBRIP","type":"source","value":"WEBRIP","required":false}]'::jsonb, '[]'::jsonb),
    ('c20f169ef63c5f40c2def54abaf4438e', 'WEB Tier 01', '[{"id":"abbie-0","name":"ABBIE","type":"releaseGroup","value":"^(ABBIE)$","required":false},{"id":"ajp69-1","name":"AJP69","type":"releaseGroup","value":"^(AJP69)$","required":false},{"id":"apex-2","name":"APEX","type":"releaseGroup","value":"^(APEX|PAXA|PEXA|XEPA)$","required":false},{"id":"blutonium-3","name":"BLUTONiUM","type":"releaseGroup","value":"^(BLUTONiUM)$","required":false},{"id":"byndr-4","name":"BYNDR","type":"releaseGroup","value":"^(BYNDR)$","required":false},{"id":"cmrg-5","name":"CMRG","type":"releaseGroup","value":"^(CMRG)$","required":false},{"id":"crfw-6","name":"CRFW","type":"releaseGroup","value":"^(CRFW)$","required":false},{"id":"crud-7","name":"CRUD","type":"releaseGroup","value":"^(CRUD)$","required":false},{"id":"flux-8","name":"FLUX","type":"releaseGroup","value":"^(FLUX)$","required":false},{"id":"gnome-9","name":"GNOME","type":"releaseGroup","value":"^(GNOME)$","required":false},{"id":"hone-10","name":"HONE","type":"releaseGroup","value":"^(HONE)$","required":false},{"id":"kings-11","name":"KiNGS","type":"releaseGroup","value":"^(KiNGS)$","required":false},{"id":"kitsune-12","name":"Kitsune","type":"releaseGroup","value":"^(Kitsune)$","required":false},{"id":"madsky-13","name":"MADSKY","type":"releaseGroup","value":"^(MADSKY)$","required":false},{"id":"nosivid-14","name":"NOSiViD","type":"releaseGroup","value":"^(NOSiViD)$","required":false},{"id":"ntb-15","name":"NTb","type":"releaseGroup","value":"^(NTb)$","required":false},{"id":"ntg-16","name":"NTG","type":"releaseGroup","value":"^(NTG)$","required":false},{"id":"rawr-17","name":"RAWR","type":"releaseGroup","value":"^(RAWR)$","required":false},{"id":"sic-18","name":"SiC","type":"releaseGroup","value":"^(SiC)$","required":false},{"id":"tepes-19","name":"TEPES","type":"releaseGroup","value":"^(TEPES)$","required":false},{"id":"thefarm-20","name":"TheFarm","type":"releaseGroup","value":"^(TheFarm)$","required":false},{"id":"zorosenpai-21","name":"ZoroSenpai","type":"releaseGroup","value":"^(ZoroSenpai)$","required":false},{"id":"webdl-22","name":"WEBDL","type":"source","value":"WEBDL","required":false},{"id":"webrip-23","name":"WEBRIP","type":"source","value":"WEBRIP","required":false}]'::jsonb, '[]'::jsonb),
    ('403816d65392c79236dcb6dd591aeda4', 'WEB Tier 02', '[{"id":"db-0","name":"dB","type":"releaseGroup","value":"^(dB)$","required":false},{"id":"flights-1","name":"Flights","type":"releaseGroup","value":"^(Flights)$","required":false},{"id":"miu-2","name":"MiU","type":"releaseGroup","value":"^(MiU)$","required":false},{"id":"monkee-3","name":"monkee","type":"releaseGroup","value":"^(monkee)$","required":false},{"id":"mzabi-4","name":"MZABI","type":"releaseGroup","value":"^(MZABI)$","required":false},{"id":"phoenix-5","name":"PHOENiX","type":"releaseGroup","value":"^(PHOENiX)$","required":false},{"id":"playweb-6","name":"playWEB","type":"releaseGroup","value":"^(playWEB)$","required":false},{"id":"sbr-7","name":"SbR","type":"releaseGroup","value":"^(SbR)$","required":false},{"id":"smurf-8","name":"SMURF","type":"releaseGroup","value":"^(SMURF)$","required":false},{"id":"tommy-9","name":"TOMMY","type":"releaseGroup","value":"^(TOMMY)$","required":false},{"id":"xebec-10","name":"XEBEC","type":"releaseGroup","value":"^(XEBEC|4KBEC|CEBEX)$","required":false},{"id":"webdl-11","name":"WEBDL","type":"source","value":"WEBDL","required":false},{"id":"webrip-12","name":"WEBRIP","type":"source","value":"WEBRIP","required":false}]'::jsonb, '[]'::jsonb),
    ('af94e0fe497124d1f9ce732069ec8c3b', 'WEB Tier 03', '[{"id":"bloom-0","name":"BLOOM","type":"releaseGroup","value":"^(BLOOM)$","required":false},{"id":"dooky-1","name":"Dooky","type":"releaseGroup","value":"^(Dooky)$","required":false},{"id":"gnomission-2","name":"GNOMiSSiON","type":"releaseGroup","value":"^(GNOMiSSiON)$","required":false},{"id":"hhweb-3","name":"HHWEB","type":"releaseGroup","value":"^(HHWEB)$","required":false},{"id":"ninjacentral-4","name":"NINJACENTRAL","type":"releaseGroup","value":"^(NINJACENTRAL)$","required":false},{"id":"npms-5","name":"NPMS","type":"releaseGroup","value":"^(NPMS)$","required":false},{"id":"roccat-6","name":"ROCCaT","type":"releaseGroup","value":"^(ROCCaT)$","required":false},{"id":"sigma-7","name":"SiGMA","type":"releaseGroup","value":"^(SiGMA)$","required":false},{"id":"slignome-8","name":"SLiGNOME","type":"releaseGroup","value":"^(SLiGNOME)$","required":false},{"id":"swaglander-9","name":"SwAgLaNdEr","type":"releaseGroup","value":"^(SwAgLaNdEr)$","required":false},{"id":"webdl-10","name":"WEBDL","type":"source","value":"WEBDL","required":false},{"id":"webrip-11","name":"WEBRIP","type":"source","value":"WEBRIP","required":false}]'::jsonb, '[]'::jsonb),
    ('2899d84dc9372de3408e6d8cc18e9666', 'x264', '[{"id":"x-h264-0","name":"x|h264","type":"releaseTitle","value":"[xh][ ._-]?264|\\bAVC(\\b|\\d)","required":true}]'::jsonb, '[{"id":"remux-1","name":"Remux","type":"quality","value":"Remux","required":true}]'::jsonb),
    ('9170d55c319f4fe40da8711ba9d8050d', 'x265', '[{"id":"x-h265-0","name":"x|h265","type":"releaseTitle","value":"[xh][ ._-]?265|\\bHEVC(\\b|\\d)","required":true}]'::jsonb, '[{"id":"not-remux-1","name":"Not Remux","type":"quality","value":"Remux","required":true}]'::jsonb),
    ('390455c22a9cac81a738f6cbad705c3c', 'x266', '[{"id":"x-h266-0","name":"x|h266","type":"releaseTitle","value":"[xh][ ._-]?266|\\bVVC(\\b|\\d)","required":true}]'::jsonb, '[{"id":"not-remux-1","name":"Not Remux","type":"quality","value":"Remux","required":true}]'::jsonb),
    ('c30d2958827d1867c73318a5a2957eb1', 'RED', '[{"id":"youtube-red-0","name":"YouTube Red","type":"releaseTitle","value":"\\b(red|youtube red)\\b[ ._-]web[ ._-]?(dl|rip)?\\b","required":false},{"id":"red-rename-1","name":"RED Rename","type":"releaseTitle","value":"\\[(RED)\\b|\\b(RED)\\]","required":false},{"id":"webdl-2","name":"WEBDL","type":"source","value":"WEBDL","required":false},{"id":"webrip-3","name":"WEBRIP","type":"source","value":"WEBRIP","required":false}]'::jsonb, '[]'::jsonb),
    ('570bc9ebecd92723d2d21500f4be314c', 'Remaster', '[{"id":"remaster-0","name":"Remaster","type":"releaseTitle","value":"Remaster","required":true}]'::jsonb, '[{"id":"not-4k-remaster-1","name":"Not 4K Remaster","type":"releaseTitle","value":"4K","required":true}]'::jsonb),
    ('8baaf0b3142bf4d94c42a724f034e27a', 'Remux Tier 03', '[{"id":"remux-0","name":"Remux","type":"quality","value":"Remux","required":true},{"id":"12gaugeshotgun-1","name":"12GaugeShotgun","type":"releaseGroup","value":"^(12GaugeShotgun)$","required":false},{"id":"decibel-2","name":"decibeL","type":"releaseGroup","value":"^(decibeL)$","required":false},{"id":"epsilon-3","name":"EPSiLON","type":"releaseGroup","value":"^(EPSiLON)$","required":false},{"id":"hifi-4","name":"HiFi","type":"releaseGroup","value":"^(HiFi)$","required":false},{"id":"ift-5","name":"iFT","type":"releaseGroup","value":"^(iFT)$","required":false},{"id":"kralimarko-6","name":"KRaLiMaRKo","type":"releaseGroup","value":"^(KRaLiMaRKo)$","required":false},{"id":"ntb-7","name":"NTb","type":"releaseGroup","value":"^(NTb)$","required":false},{"id":"ptp-8","name":"PTP","type":"releaseGroup","value":"^(PTP)$","required":false},{"id":"sumvision-9","name":"SumVision","type":"releaseGroup","value":"^(SumVision)$","required":false},{"id":"toa-10","name":"TOA","type":"releaseGroup","value":"^(TOA)$","required":false},{"id":"triton-11","name":"TRiToN","type":"releaseGroup","value":"^(TRiToN)$","required":false}]'::jsonb, '[]'::jsonb),
    ('e7718d7a3ce595f289bfee26adc178f5', 'Repack/Proper', '[{"id":"repack-proper-rerip-0","name":"Repack/Proper/Rerip","type":"releaseTitle","value":"\\b(Repack|Proper|Rerip)\\b","required":true}]'::jsonb, '[{"id":"not-higher-version-repack-proper-1","name":"Not Higher Version Repack/Proper","type":"releaseTitle","value":"\\b((repack|proper)[23])\\b|\\bREAL\\.(REAL\\.)?(PROPER|REPACK)\\b","required":true}]'::jsonb),
    ('ae43b294509409a6a13919dedd4764c4', 'Repack2', '[{"id":"repack-proper-2-or-real-proper-repack-0","name":"Repack/Proper 2 or REAL.PROPER/REPACK","type":"releaseTitle","value":"\\b((repack|proper)2)\\b|\\b(REAL\\.(PROPER|REPACK))\\b","required":true}]'::jsonb, '[{"id":"not-repack-proper-3-1","name":"Not Repack/Proper 3","type":"releaseTitle","value":"\\b((repack|proper)3)\\b|\\bREAL\\.(REAL\\.)(PROPER|REPACK)\\b","required":true}]'::jsonb),
    ('5caaaa1c08c1742aa4342d8c4cc463f2', 'Repack3', '[{"id":"repack-proper-3-or-real-real-proper-repack-0","name":"Repack/Proper 3 or REAL.REAL.PROPER/REPACK","type":"releaseTitle","value":"\\b((repack|proper)3)\\b|\\b(REAL\\.REAL\\.(PROPER|REPACK))\\b","required":true}]'::jsonb, '[]'::jsonb),
    ('44c2b54d7c81c1a442a8b2cabeaef54f', 'ROKU', '[{"id":"roku-0","name":"ROKU","type":"releaseTitle","value":"\\b(ROKU)\\b","required":true},{"id":"webdl-1","name":"WEBDL","type":"source","value":"WEBDL","required":false},{"id":"webrip-2","name":"WEBRIP","type":"source","value":"WEBRIP","required":false}]'::jsonb, '[]'::jsonb),
    ('0455d6519a550dbf648c97b56e7231d2', 'SALTO', '[{"id":"webdl-0","name":"WEBDL","type":"source","value":"WEBDL","required":false},{"id":"webrip-1","name":"WEBRIP","type":"source","value":"WEBRIP","required":false},{"id":"salto-2","name":"SALTO","type":"releaseTitle","value":"\\b(SALTO)\\b","required":true}]'::jsonb, '[]'::jsonb),
    ('9c38ebb7384dada637be8899efa68e6f', 'SDR', '[{"id":"2160p-0","name":"2160p","type":"resolution","value":"2160","required":true},{"id":"sdr-2","name":"SDR","type":"releaseTitle","value":"\\bSDR\\b","required":false}]'::jsonb, '[{"id":"hdr-formats-1","name":"HDR Formats","type":"releaseTitle","value":"\\bHDR(\\b|\\d)|\\b(dv|dovi|dolby[ .]?v(ision)?)\\b|\\b(FraMeSToR|HQMUX|SICFoI)\\b|\\b(PQ)\\b|\\bHLG(\\b|\\d)","required":false}]'::jsonb),
    ('3bc5f395426614e155e585a2f056cdf1', 'Season Pack', '[{"id":"season-packs-0","name":"Season Packs","type":"releaseType","value":"Season Packs","required":false}]'::jsonb, '[]'::jsonb),
    ('ae58039e1319178e6be73caab5c42166', 'SHO', '[{"id":"showtime-0","name":"SHOWTIME","type":"releaseTitle","value":"\\b(sho|showtime)\\b[ ._-]web[ ._-]?(dl|rip)?\\b","required":false},{"id":"sho-rename-1","name":"SHO Rename","type":"releaseTitle","value":"\\[(SHO)\\b|\\b(SHO)\\]","required":false},{"id":"webdl-2","name":"WEBDL","type":"source","value":"WEBDL","required":false},{"id":"webrip-3","name":"WEBRIP","type":"source","value":"WEBRIP","required":false}]'::jsonb, '[]'::jsonb),
    ('8cd3ac70db7ac318cf9a0e01333940a4', 'SiC', '[{"id":"sic-0","name":"SiC","type":"releaseTitle","value":"\\bSiC\\b","required":true},{"id":"2160p-1","name":"2160p","type":"resolution","value":"2160","required":true},{"id":"webdl-2","name":"WEBDL","type":"source","value":"WEBDL","required":true},{"id":"hdr-3","name":"HDR","type":"releaseTitle","value":"\\bHDR(\\b|\\d)","required":true},{"id":"dv-4","name":"DV","type":"releaseTitle","value":"\\b(dv|dovi|dolby[ .]?v(ision)?)\\b","required":true}]'::jsonb, '[]'::jsonb),
    ('712d74cd88bceb883ee32f773656b1f5', 'Sing-Along Versions', '[{"id":"sing-along-0","name":"Sing-Along","type":"releaseTitle","value":"(?<=\\b[12]\\d{3}\\b).*\\b(Sing[-_. ]Along)\\b","required":true}]'::jsonb, '[]'::jsonb),
    ('e0c1a67f23908a55b6ae9834e8ed6727', 'Single Episode', '[{"id":"single-episode-0","name":"Single Episode","type":"releaseType","value":"Single Episode","required":false}]'::jsonb, '[]'::jsonb),
    ('834e534f103938853ffced4203b53e72', '2.0 Stereo', '[{"id":"stereo-0","name":"Stereo","type":"releaseTitle","value":"(?<!repac)[^0-9]2[ .]0\\b|\\bStereo\\b","required":true}]'::jsonb, '[{"id":"not-3-0ch-1","name":"Not 3.0ch","type":"releaseTitle","value":"[^0-9]3[ .]0\\b","required":true},{"id":"not-4-0ch-2","name":"Not 4.0ch","type":"releaseTitle","value":"[^0-9]4[ .]0\\b","required":true},{"id":"not-high-channel-count-3","name":"Not High Channel Count","type":"releaseTitle","value":"[^0-9][5-9][ .][0-1]\\b","required":true},{"id":"not-mono-4","name":"Not Mono","type":"releaseTitle","value":"[^0-9]1[ .]0\\b|\\bMono\\b|\\[PCM \\]","required":true}]'::jsonb),
    ('204c8c3e7315bb0ea81332774fa888d6', '7.1 Surround', '[{"id":"7-1-surround-0","name":"7.1 Surround","type":"releaseTitle","value":"[^0-9][7-8][ .][0-1]\\b","required":true}]'::jsonb, '[{"id":"not-low-channel-count-1","name":"Not Low Channel Count","type":"releaseTitle","value":"(?<!repac)[^0-9][1-4][ .][0-1]\\b|\\b(Stereo|Mono)\\b","required":true}]'::jsonb),
    ('949c16fe0a8147f50ba82cc2df9411c9', 'Anime BD Tier 01', '[{"id":"bluray-0","name":"Bluray","type":"source","value":"6","required":false},{"id":"bluray-remux-1","name":"Bluray Remux","type":"source","value":"7","required":false},{"id":"dvd-2","name":"DVD","type":"source","value":"BLURAY","required":false},{"id":"demihuman-3","name":"DemiHuman","type":"releaseTitle","value":"\\b(DemiHuman)\\b","required":false},{"id":"fle-4","name":"FLE","type":"releaseTitle","value":"\\b(FLE)\\b","required":false},{"id":"flugel-5","name":"Flugel","type":"releaseTitle","value":"\\b(Flugel)\\b","required":false},{"id":"lys1th3a-6","name":"LYS1TH3A","type":"releaseTitle","value":"\\b(LYS1TH3A)\\b","required":false},{"id":"moxie-7","name":"Moxie","type":"releaseTitle","value":"\\[Moxie\\]|-Moxie\\b","required":false},{"id":"sam-8","name":"sam","type":"releaseTitle","value":"\\[sam\\]|-sam\\b","required":false},{"id":"smol-9","name":"smol","type":"releaseTitle","value":"\\[smol\\]|-smol\\b","required":false},{"id":"som-10","name":"SoM","type":"releaseTitle","value":"\\[SoM\\]|-SoM\\b","required":false}]'::jsonb, '[]'::jsonb),
    ('ed7f1e315e000aef424a58517fa48727', 'Anime BD Tier 02', '[{"id":"bluray-0","name":"Bluray","type":"source","value":"6","required":false},{"id":"bluray-remux-1","name":"Bluray Remux","type":"source","value":"7","required":false},{"id":"dvd-2","name":"DVD","type":"source","value":"BLURAY","required":false},{"id":"aergia-3","name":"Aergia","type":"releaseTitle","value":"\\[Aergia\\]|-Aergia(?!-raws)\\b","required":false},{"id":"arg0-4","name":"Arg0","type":"releaseTitle","value":"\\b(Arg0)\\b","required":false},{"id":"arid-5","name":"Arid","type":"releaseTitle","value":"\\[Arid\\]|-Arid\\b","required":false},{"id":"blackrose-6","name":"BlackRose","type":"releaseTitle","value":"\\b(BlackRose)\\b","required":false},{"id":"fatesucks-7","name":"FateSucks","type":"releaseTitle","value":"\\b(FateSucks)\\b","required":false},{"id":"hydes-8","name":"hydes","type":"releaseTitle","value":"\\b(hydes)\\b","required":false},{"id":"hchcsen-9","name":"hchcsen","type":"releaseTitle","value":"\\b(hchcsen)\\b","required":false},{"id":"johntitor-10","name":"JOHNTiTOR","type":"releaseTitle","value":"\\b(JOHNTiTOR)\\b","required":false},{"id":"jysze-11","name":"JySzE","type":"releaseTitle","value":"\\b(JySzE)\\b","required":false},{"id":"koala-12","name":"koala","type":"releaseTitle","value":"\\[koala\\]|-koala\\b","required":false},{"id":"kulot-13","name":"Kulot","type":"releaseTitle","value":"\\b(Kulot)\\b","required":false},{"id":"lostyears-14","name":"LostYears","type":"releaseTitle","value":"\\b(LostYears)\\b","required":false},{"id":"lulu-15","name":"Lulu","type":"releaseTitle","value":"\\[Lulu\\]|-Lulu\\b","required":false},{"id":"meakes-16","name":"Meakes","type":"releaseTitle","value":"\\b(Meakes)\\b","required":false},{"id":"orphan-17","name":"Orphan","type":"releaseTitle","value":"\\[Orphan\\]|-Orphan\\b","required":false},{"id":"vodes-18","name":"Vodes","type":"releaseTitle","value":"\\[Vodes\\]|(?<!Not)-Vodes\\b","required":false},{"id":"wap-19","name":"WAP","type":"releaseTitle","value":"\\b(WAP)\\b","required":false},{"id":"yuri-20","name":"YURI","type":"releaseTitle","value":"\\[YURI\\]|-YURI\\b","required":false},{"id":"zerobuild-21","name":"ZeroBuild","type":"releaseTitle","value":"\\b(ZeroBuild)\\b","required":false}]'::jsonb, '[]'::jsonb),
    ('096e406c92baa713da4a72d88030b815', 'Anime BD Tier 03', '[{"id":"bluray-0","name":"Bluray","type":"source","value":"6","required":false},{"id":"bluray-remux-1","name":"Bluray Remux","type":"source","value":"7","required":false},{"id":"dvd-2","name":"DVD","type":"source","value":"BLURAY","required":false},{"id":"arc-3","name":"ARC","type":"releaseTitle","value":"\\[ARC\\]|-ARC\\b","required":false},{"id":"bbt-rmx-4","name":"BBT-RMX","type":"releaseTitle","value":"\\b(BBT-RMX)\\b","required":false},{"id":"cappybara-5","name":"cappybara","type":"releaseTitle","value":"\\[cappybara\\]|-cappybara\\b","required":false},{"id":"chucksmux-6","name":"ChucksMux","type":"releaseTitle","value":"\\b(ChucksMux)\\b","required":false},{"id":"crucible-7","name":"CRUCiBLE","type":"releaseTitle","value":"\\[CRUCiBLE\\]|-CRUCiBLE\\b","required":false},{"id":"cunny-8","name":"CUNNY","type":"releaseTitle","value":"\\b(CUNNY)\\b","required":false},{"id":"cunnysseur-9","name":"Cunnysseur","type":"releaseTitle","value":"\\b(Cunnysseur)\\b","required":false},{"id":"doc-10","name":"Doc","type":"releaseTitle","value":"\\[Doc\\]|-Doc\\b","required":false},{"id":"fig-11","name":"fig","type":"releaseTitle","value":"\\[fig\\]|-fig\\b","required":false},{"id":"headpatter-12","name":"Headpatter","type":"releaseTitle","value":"\\[Headpatter\\]|-Headpatter\\b","required":false},{"id":"inka-subs-13","name":"Inka-Subs","type":"releaseTitle","value":"\\b(Inka-Subs)\\b","required":false},{"id":"lacroix-14","name":"LaCroiX","type":"releaseTitle","value":"\\b(LaCroiX)\\b","required":false},{"id":"legion-15","name":"Legion","type":"releaseTitle","value":"\\[Legion\\]|-Legion\\b","required":false},{"id":"mehul-16","name":"Mehul","type":"releaseTitle","value":"\\[Mehul\\]|-Mehul\\b","required":false},{"id":"mtbb-17","name":"MTBB","type":"releaseTitle","value":"\\b(MTBB)\\b","required":false},{"id":"mysteria-18","name":"Mysteria","type":"releaseTitle","value":"\\[Mysteria\\]|-Mysteria\\b","required":false},{"id":"nan0-19","name":"NAN0","type":"releaseTitle","value":"(?<=remux).*\\b(NAN0)\\b","required":false},{"id":"netaro-20","name":"Netaro","type":"releaseTitle","value":"\\b(Netaro)\\b","required":false},{"id":"noiy-21","name":"Noiy","type":"releaseTitle","value":"\\b(Noiy)\\b","required":false},{"id":"npz-22","name":"npz","type":"releaseTitle","value":"\\b(npz)\\b","required":false},{"id":"ntrx-23","name":"NTRX","type":"releaseTitle","value":"\\b(NTRX)\\b","required":false},{"id":"okay-subs-24","name":"Okay-Subs","type":"releaseTitle","value":"\\b(Okay-Subs)\\b","required":false},{"id":"p9-25","name":"P9","type":"releaseTitle","value":"\\b(P9)\\b","required":false},{"id":"pmr-26","name":"PMR","type":"releaseTitle","value":"^(?=.*\\b(PMR)\\b)(?=.*\\b(Remux)\\b)","required":false},{"id":"rudy-27","name":"RUDY","type":"releaseTitle","value":"\\[RUDY\\]|-RUDY\\b","required":false},{"id":"rain-28","name":"RaiN","type":"releaseTitle","value":"\\[RaiN\\]|-RaiN\\b","required":false},{"id":"rmx-29","name":"RMX","type":"releaseTitle","value":"\\b(RMX)\\b","required":false},{"id":"sekkon-30","name":"Sekkon","type":"releaseTitle","value":"\\b(Sekkon)\\b","required":false},{"id":"serendipity-31","name":"Serendipity","type":"releaseTitle","value":"\\[Serendipity\\]|-Serendipity\\b","required":false},{"id":"sgt-32","name":"sgt","type":"releaseTitle","value":"\\[sgt\\]|-sgt\\b","required":false},{"id":"subsmix-33","name":"SubsMix","type":"releaseTitle","value":"\\b(SubsMix)\\b","required":false},{"id":"sylvar-34","name":"Sylvar","type":"releaseTitle","value":"\\b(Sylvar)\\b","required":false},{"id":"uba-35","name":"uba","type":"releaseTitle","value":"\\[uba\\]|-uba\\b","required":false},{"id":"zr-36","name":"ZR","type":"releaseTitle","value":"\\b(ZR)\\b|-ZR-","required":false}]'::jsonb, '[]'::jsonb),
    ('30feba9da3030c5ed1e0f7d610bcadc4', 'Anime BD Tier 04', '[{"id":"bluray-0","name":"Bluray","type":"source","value":"6","required":false},{"id":"bluray-remux-1","name":"Bluray Remux","type":"source","value":"7","required":false},{"id":"dvd-2","name":"DVD","type":"source","value":"BLURAY","required":false},{"id":"abdex-3","name":"ABdex","type":"releaseTitle","value":"\\b(ABdex)\\b","required":false},{"id":"afro-4","name":"Afro","type":"releaseTitle","value":"\\[Afro\\]|-Afro\\b","required":false},{"id":"armx-5","name":"aRMX","type":"releaseTitle","value":"\\b(aRMX)\\b","required":false},{"id":"birju-6","name":"BiRJU","type":"releaseTitle","value":"\\b(BiRJU)\\b","required":false},{"id":"bkc-7","name":"BKC","type":"releaseTitle","value":"\\b(BKC)\\b","required":false},{"id":"cbt-8","name":"CBT","type":"releaseTitle","value":"\\b(CBT)\\b","required":false},{"id":"chimera-9","name":"Chimera","type":"releaseTitle","value":"\\[Chimera\\]|-Chimera\\b","required":false},{"id":"derp-10","name":"derp","type":"releaseTitle","value":"\\[derp\\]|-derp\\b","required":false},{"id":"diy-11","name":"DIY","type":"releaseTitle","value":"\\[DIY\\]|-DIY\\b","required":false},{"id":"exp-12","name":"EXP","type":"releaseTitle","value":"\\[EXP\\]|-EXP\\b","required":false},{"id":"foxtrot-13","name":"Foxtrot","type":"releaseTitle","value":"\\[Foxtrot\\]|-Foxtrot\\b","required":false},{"id":"grimf-14","name":"grimf","type":"releaseTitle","value":"\\b(grimf)\\b","required":false},{"id":"ik-15","name":"IK","type":"releaseTitle","value":"\\b(IK)\\b","required":false},{"id":"iznjie-biznjie-16","name":"Iznjie Biznjie","type":"releaseTitle","value":"\\b(Iznjie[ .-]Biznjie)\\b","required":false},{"id":"kaleido-subs-17","name":"Kaleido-subs","type":"releaseTitle","value":"\\b(Kaleido-subs)\\b","required":false},{"id":"kametsu-18","name":"Kametsu","type":"releaseTitle","value":"\\b(Kametsu)\\b","required":false},{"id":"kawatare-19","name":"Kawatare","type":"releaseTitle","value":"\\[Kawatare\\]|-Kawatare\\b","required":false},{"id":"kh-20","name":"KH","type":"releaseTitle","value":"\\b(KH)\\b","required":false},{"id":"lazyremux-21","name":"LazyRemux","type":"releaseTitle","value":"\\b(LazyRemux)\\b","required":false},{"id":"metal-22","name":"Metal","type":"releaseTitle","value":"\\[Metal\\]|-Metal\\b","required":false},{"id":"mk-23","name":"MK","type":"releaseTitle","value":"\\b(MK)\\b","required":false},{"id":"neko-kbaraka-24","name":"neko-kBaraka","type":"releaseTitle","value":"\\b(neko-kBaraka)\\b","required":false},{"id":"ozr-25","name":"OZR","type":"releaseTitle","value":"\\b(OZR)\\b","required":false},{"id":"pizza-26","name":"Pizza","type":"releaseTitle","value":"\\[Pizza\\]|-Pizza\\b","required":false},{"id":"pog42-27","name":"pog42","type":"releaseTitle","value":"\\b(pog42)\\b","required":false},{"id":"quetzal-28","name":"Quetzal","type":"releaseTitle","value":"\\b(Quetzal)\\b","required":false},{"id":"reza-29","name":"Reza","type":"releaseTitle","value":"\\b(Reza)\\b","required":false},{"id":"scy-30","name":"SCY","type":"releaseTitle","value":"\\b(SCY)\\b","required":false},{"id":"shimatta-31","name":"Shimatta","type":"releaseTitle","value":"\\b(Shimatta)\\b","required":false},{"id":"smoke-32","name":"Smoke","type":"releaseTitle","value":"\\[Smoke\\]|-Smoke\\b","required":false},{"id":"spirale-33","name":"Spirale","type":"releaseTitle","value":"\\b(Spirale)\\b","required":false},{"id":"udf-34","name":"UDF","type":"releaseTitle","value":"\\b(UDF)\\b","required":false},{"id":"uqw-35","name":"UQW","type":"releaseTitle","value":"\\b(UQW)\\b","required":false},{"id":"virtuality-36","name":"Virtuality","type":"releaseTitle","value":"\\b(Virtuality)\\b","required":false},{"id":"vanilla-37","name":"Vanilla","type":"releaseTitle","value":"\\[Vanilla\\]|-Vanilla\\b","required":false},{"id":"vulcan-38","name":"VULCAN","type":"releaseTitle","value":"\\[VULCAN\\]|-VULCAN\\b","required":false}]'::jsonb, '[]'::jsonb),
    ('545a76b14ddc349b8b185a6344e28b04', 'Anime BD Tier 05', '[{"id":"bluray-0","name":"Bluray","type":"source","value":"6","required":false},{"id":"bluray-remux-1","name":"Bluray Remux","type":"source","value":"7","required":false},{"id":"dvd-2","name":"DVD","type":"source","value":"BLURAY","required":false},{"id":"animorphs-3","name":"Animorphs","type":"releaseTitle","value":"\\b(Animorphs)\\b","required":false},{"id":"aomundson-4","name":"AOmundson","type":"releaseTitle","value":"\\b(AOmundson)\\b","required":false},{"id":"asc-5","name":"ASC","type":"releaseTitle","value":"\\b(ASC)\\b","required":false},{"id":"baws-6","name":"Baws","type":"releaseTitle","value":"\\b(Baws|McBalls)\\b","required":false},{"id":"beatrice-7","name":"Beatrice","type":"releaseTitle","value":"\\[Beatrice\\]|-Beatrice(?!-raws)\\b","required":false},{"id":"b00ba-8","name":"B00BA","type":"releaseTitle","value":"\\b(B00BA)\\b","required":false},{"id":"cait-sidhe-9","name":"Cait-Sidhe","type":"releaseTitle","value":"\\b(Cait-Sidhe)\\b","required":false},{"id":"css-10","name":"CsS","type":"releaseTitle","value":"\\b(CsS)\\b","required":false},{"id":"ctr-11","name":"CTR","type":"releaseTitle","value":"\\b(CTR)\\b","required":false},{"id":"d4c-12","name":"D4C","type":"releaseTitle","value":"\\b(D4C)\\b","required":false},{"id":"deanzel-13","name":"deanzel","type":"releaseTitle","value":"\\b(deanzel)\\b","required":false},{"id":"drag-14","name":"Drag","type":"releaseTitle","value":"\\[Drag\\]|-Drag\\b","required":false},{"id":"eldon-15","name":"eldon","type":"releaseTitle","value":"\\b(eldon)\\b","required":false},{"id":"freehold-16","name":"Freehold","type":"releaseTitle","value":"\\b(Freehold)\\b","required":false},{"id":"ghs-17","name":"GHS","type":"releaseTitle","value":"\\b(GHS)\\b","required":false},{"id":"hark0n-18","name":"Hark0N","type":"releaseTitle","value":"\\b(Hark0N)\\b","required":false},{"id":"holomux-19","name":"Holomux","type":"releaseTitle","value":"\\b(Holomux)\\b","required":false},{"id":"judgement-20","name":"Judgement","type":"releaseTitle","value":"\\[Judgment\\]|-Judgment\\b","required":false},{"id":"mc-21","name":"MC","type":"releaseTitle","value":"\\b(MC)\\b","required":false},{"id":"mottoj-22","name":"mottoj","type":"releaseTitle","value":"\\b(mottoj)\\b","required":false},{"id":"nh-23","name":"NH","type":"releaseTitle","value":"\\b(NH)\\b","required":false},{"id":"ntrm-24","name":"NTRM","type":"releaseTitle","value":"\\b(NTRM)\\b","required":false},{"id":"o7-25","name":"o7","type":"releaseTitle","value":"\\b(o7)\\b","required":false},{"id":"qm-26","name":"QM","type":"releaseTitle","value":"\\b(QM)\\b","required":false},{"id":"thighs-27","name":"Thighs","type":"releaseTitle","value":"\\[Thighs\\]|-Thighs\\b","required":false},{"id":"ttga-28","name":"TTGA","type":"releaseTitle","value":"\\b(TTGA)\\b","required":false},{"id":"ultraremux-29","name":"UltraRemux","type":"releaseTitle","value":"\\b(UltraRemux)\\b","required":false},{"id":"wbdp-30","name":"WBDP","type":"releaseTitle","value":"\\b(WBDP)\\b","required":false},{"id":"wse-31","name":"WSE","type":"releaseTitle","value":"\\b(WSE)\\b","required":false},{"id":"yuki-32","name":"Yuki","type":"releaseTitle","value":"\\[Yuki\\]|-Yuki\\b","required":false}]'::jsonb, '[]'::jsonb),
    ('25d2afecab632b1582eaf03b63055f72', 'Anime BD Tier 06', '[{"id":"bluray-0","name":"Bluray","type":"source","value":"6","required":false},{"id":"bluray-remux-1","name":"Bluray Remux","type":"source","value":"7","required":false},{"id":"dvd-2","name":"DVD","type":"source","value":"BLURAY","required":false},{"id":"ane-3","name":"ANE","type":"releaseTitle","value":"\\[ANE\\]|-ANE$","required":false},{"id":"bunny-apocalypse-4","name":"Bunny-Apocalypse","type":"releaseTitle","value":"\\b(Bunny-Apocalypse)\\b","required":false},{"id":"cyc-5","name":"CyC","type":"releaseTitle","value":"\\b(CyC)\\b","required":false},{"id":"datte13-6","name":"Datte13","type":"releaseTitle","value":"\\b(Datte13)\\b","required":false},{"id":"ejf-7","name":"EJF","type":"releaseTitle","value":"\\b(EJF)\\b","required":false},{"id":"getittwisted-8","name":"GetItTwisted","type":"releaseTitle","value":"\\b(GetItTwisted)\\b","required":false},{"id":"gsk-kun-9","name":"GSK_kun","type":"releaseTitle","value":"\\b(GSK[._-]kun)\\b","required":false},{"id":"ikaos-10","name":"iKaos","type":"releaseTitle","value":"\\b(iKaos)\\b","required":false},{"id":"karios-11","name":"karios","type":"releaseTitle","value":"\\b(karios)\\b","required":false},{"id":"pookie-12","name":"Pookie","type":"releaseTitle","value":"\\b(Pookie)\\b","required":false},{"id":"rasetsu-13","name":"RASETSU","type":"releaseTitle","value":"\\b(RASETSU)\\b","required":false},{"id":"starbez-14","name":"Starbez","type":"releaseTitle","value":"\\b(Starbez)\\b","required":false},{"id":"tsundere-15","name":"Tsundere","type":"releaseTitle","value":"\\[Tsundere\\]|-Tsundere(?!-)\\b","required":false},{"id":"yoghurt-16","name":"Yoghurt","type":"releaseTitle","value":"\\b(Yoghurt)\\b","required":false},{"id":"yurasuka-17","name":"YURASUKA","type":"releaseTitle","value":"\\[YURASUKA\\]|-YURASUKA\\b","required":false}]'::jsonb, '[]'::jsonb),
    ('0329044e3d9137b08502a9f84a7e58db', 'Anime BD Tier 07', '[{"id":"bluray-0","name":"Bluray","type":"source","value":"6","required":false},{"id":"bluray-remux-1","name":"Bluray Remux","type":"source","value":"7","required":false},{"id":"dvd-2","name":"DVD","type":"source","value":"BLURAY","required":false},{"id":"9volt-3","name":"9volt","type":"releaseTitle","value":"\\b(9volt)\\b","required":false},{"id":"ac-4","name":"AC","type":"releaseTitle","value":"\\[AC\\]|-AC$","required":false},{"id":"almighty-5","name":"Almighty","type":"releaseTitle","value":"\\[Almighty\\]|-Almighty\\b","required":false},{"id":"asakura-6","name":"Asakura","type":"releaseTitle","value":"\\[Asakura\\]|-Asakura\\b","required":false},{"id":"asenshi-7","name":"Asenshi","type":"releaseTitle","value":"\\b(Asenshi)\\b","required":false},{"id":"bluraydesuyo-8","name":"BlurayDesuYo","type":"releaseTitle","value":"\\b(BlurayDesuYo)\\b","required":false},{"id":"bolshevik-9","name":"Bolshevik","type":"releaseTitle","value":"\\[Bolshevik\\]|-Bolshevik\\b","required":false},{"id":"brrrrrrr-10","name":"Brrrrrrr","type":"releaseTitle","value":"\\b(Brrrrrrr)\\b","required":false},{"id":"chihiro-11","name":"Chihiro","type":"releaseTitle","value":"\\[Chihiro\\]|-Chihiro\\b","required":false},{"id":"commie-12","name":"Commie","type":"releaseTitle","value":"\\b(Commie)\\b","required":false},{"id":"crow-13","name":"Crow","type":"releaseTitle","value":"\\[Crow\\]|-Crow\\b","required":false},{"id":"dae-14","name":"Dae","type":"releaseTitle","value":"\\b(Dae)\\b","required":false},{"id":"dekinai-15","name":"Dekinai","type":"releaseTitle","value":"\\[Dekinai\\]|-Dekinai\\b","required":false},{"id":"dragon-releases-16","name":"Dragon-Releases","type":"releaseTitle","value":"\\b(Dragon-Releases)\\b","required":false},{"id":"dragsterps-17","name":"DragsterPS","type":"releaseTitle","value":"\\b(DragsterPS)\\b","required":false},{"id":"exiled-destiny-18","name":"Exiled-Destiny","type":"releaseTitle","value":"\\b(Exiled-Destiny|E-D)\\b","required":false},{"id":"fff-19","name":"FFF","type":"releaseTitle","value":"\\b(FFF)\\b","required":false},{"id":"final8-20","name":"Final8","type":"releaseTitle","value":"\\b(Final8)\\b","required":false},{"id":"geonope-21","name":"Geonope","type":"releaseTitle","value":"\\b(Geonope)\\b","required":false},{"id":"gjm-22","name":"GJM","type":"releaseTitle","value":"\\b(GJM)\\b","required":false},{"id":"iahd-23","name":"iAHD","type":"releaseTitle","value":"\\b(iAHD)\\b","required":false},{"id":"inid4c-24","name":"inid4c","type":"releaseTitle","value":"\\b(inid4c)\\b","required":false},{"id":"koten-gars-25","name":"Koten_Gars","type":"releaseTitle","value":"\\b(Koten[ ._-]Gars)\\b","required":false},{"id":"kuchikirukia-26","name":"kuchikirukia","type":"releaseTitle","value":"\\b(kuchikirukia)\\b","required":false},{"id":"lce-27","name":"LCE","type":"releaseTitle","value":"\\b(LCE)\\b","required":false},{"id":"ntw-28","name":"NTW","type":"releaseTitle","value":"\\b(NTW)\\b","required":false},{"id":"orz-29","name":"orz","type":"releaseTitle","value":"\\b(orz)\\b","required":false},{"id":"rai-30","name":"RAI","type":"releaseTitle","value":"\\b(RAI)\\b","required":false},{"id":"revo-31","name":"REVO","type":"releaseTitle","value":"\\b(REVO)\\b","required":false},{"id":"scp-2223-32","name":"SCP-2223","type":"releaseTitle","value":"\\b(SCP-2223)\\b","required":false},{"id":"senjou-33","name":"Senjou","type":"releaseTitle","value":"\\[Senjou\\]|-Senjou\\b","required":false},{"id":"sev-34","name":"SEV","type":"releaseTitle","value":"\\b(SEV)\\b","required":false},{"id":"thora-35","name":"THORA","type":"releaseTitle","value":"\\b(THORA)\\b","required":false},{"id":"vivid-36","name":"Vivid","type":"releaseTitle","value":"\\[Vivid\\]|-Vivid\\b","required":false}]'::jsonb, '[]'::jsonb),
    ('c81bbfb47fed3d5a3ad027d077f889de', 'Anime BD Tier 08', '[{"id":"bluray-0","name":"Bluray","type":"source","value":"6","required":false},{"id":"bluray-remux-1","name":"Bluray Remux","type":"source","value":"7","required":false},{"id":"dvd-2","name":"DVD","type":"source","value":"BLURAY","required":false},{"id":"akihitosubs-3","name":"AkihitoSubs","type":"releaseTitle","value":"\\b(AkihitoSubs)\\b","required":false},{"id":"arukoru-4","name":"Arukoru","type":"releaseTitle","value":"\\b(Arukoru)\\b","required":false},{"id":"edge-5","name":"EDGE","type":"releaseTitle","value":"\\[EDGE\\]|-EDGE\\b","required":false},{"id":"ember-6","name":"EMBER","type":"releaseTitle","value":"\\[EMBER\\]|-EMBER\\b","required":false},{"id":"ghost-7","name":"GHOST","type":"releaseTitle","value":"\\[GHOST\\]|-GHOST\\b","required":false},{"id":"judas-8","name":"Judas","type":"releaseTitle","value":"\\[Judas\\]|-Judas","required":false},{"id":"naiyas-9","name":"naiyas","type":"releaseTitle","value":"\\[naiyas\\]|-naiyas\\b","required":false},{"id":"nep-blanc-10","name":"Nep_Blanc","type":"releaseTitle","value":"\\b(Nep[ ._-]Blanc)\\b","required":false},{"id":"prof-11","name":"Prof","type":"releaseTitle","value":"\\[Prof\\]|-Prof\\b","required":false},{"id":"shir-12","name":"Shirσ","type":"releaseTitle","value":"\\b(Shirσ)\\b","required":false}]'::jsonb, '[]'::jsonb),
    ('e0014372773c8f0e1bef8824f00c7dc4', 'Anime Web Tier 01', '[{"id":"webdl-0","name":"WEBDL","type":"source","value":"WEBDL","required":false},{"id":"webrip-1","name":"WEBRIP","type":"source","value":"WEBRIP","required":false},{"id":"web-2","name":"WEB","type":"source","value":"TELEVISION","required":false},{"id":"arg0-3","name":"Arg0","type":"releaseTitle","value":"\\b(Arg0)\\b","required":false},{"id":"arid-4","name":"Arid","type":"releaseTitle","value":"\\[Arid\\]|-Arid\\b","required":false},{"id":"baws-5","name":"Baws","type":"releaseTitle","value":"\\b(Baws)\\b","required":false},{"id":"fle-6","name":"FLE","type":"releaseTitle","value":"\\b(FLE)\\b","required":false},{"id":"lostyears-7","name":"LostYears","type":"releaseTitle","value":"\\b(LostYears)\\b","required":false},{"id":"lys1th3a-8","name":"LYS1TH3A","type":"releaseTitle","value":"\\b(LYS1TH3A)\\b","required":false},{"id":"mcballs-9","name":"McBalls","type":"releaseTitle","value":"\\b(McBalls)\\b","required":false},{"id":"sam-10","name":"sam","type":"releaseTitle","value":"\\[sam\\]|-sam\\b","required":false},{"id":"scy-11","name":"SCY","type":"releaseTitle","value":"\\b(SCY)\\b","required":false},{"id":"setsugen-12","name":"Setsugen","type":"releaseTitle","value":"\\b(Setsugen)\\b","required":false},{"id":"smol-13","name":"smol","type":"releaseTitle","value":"\\[smol\\]|-smol\\b","required":false},{"id":"som-14","name":"SoM","type":"releaseTitle","value":"\\[SoM\\]|-SoM\\b","required":false},{"id":"vodes-15","name":"Vodes","type":"releaseTitle","value":"\\[Vodes\\]|(?<!Not)-Vodes\\b","required":false},{"id":"z4st1n-16","name":"Z4ST1N","type":"releaseTitle","value":"\\b(Z4ST1N)\\b","required":false},{"id":"zerobuild-17","name":"ZeroBuild","type":"releaseTitle","value":"\\b(ZeroBuild)\\b","required":false}]'::jsonb, '[]'::jsonb),
    ('19180499de5ef2b84b6ec59aae444696', 'Anime Web Tier 02', '[{"id":"webdl-0","name":"WEBDL","type":"source","value":"WEBDL","required":false},{"id":"webrip-1","name":"WEBRIP","type":"source","value":"WEBRIP","required":false},{"id":"web-2","name":"WEB","type":"source","value":"TELEVISION","required":false},{"id":"0x539-3","name":"0x539","type":"releaseTitle","value":"\\b(0x539)\\b","required":false},{"id":"asakura-4","name":"Asakura","type":"releaseTitle","value":"\\[Asakura\\]|-Asakura\\b","required":false},{"id":"cyan-5","name":"Cyan","type":"releaseTitle","value":"\\[Cyan\\]|-Cyan\\b","required":false},{"id":"cytox-6","name":"Cytox","type":"releaseTitle","value":"\\b(Cytox)\\b","required":false},{"id":"dae-7","name":"Dae","type":"releaseTitle","value":"\\[Dae\\]|-Dae\\b","required":false},{"id":"foxtrot-8","name":"Foxtrot","type":"releaseTitle","value":"\\[Foxtrot\\]|-Foxtrot\\b","required":false},{"id":"gao-9","name":"Gao","type":"releaseTitle","value":"\\[Gao\\]|-Gao\\b","required":false},{"id":"gsk-kun-10","name":"GSK_kun","type":"releaseTitle","value":"\\b(GSK[._-]kun)\\b","required":false},{"id":"half-baked-11","name":"Half-Baked","type":"releaseTitle","value":"\\b(Half-Baked)\\b","required":false},{"id":"hatsubs-12","name":"HatSubs","type":"releaseTitle","value":"\\b(HatSubs)\\b","required":false},{"id":"mald-13","name":"MALD","type":"releaseTitle","value":"\\b(MALD)\\b","required":false},{"id":"mtbb-14","name":"MTBB","type":"releaseTitle","value":"\\b(MTBB)\\b","required":false},{"id":"not-vodes-15","name":"Not-Vodes","type":"releaseTitle","value":"\\[Not-Vodes\\]|-Not-Vodes\\b","required":false},{"id":"okay-subs-16","name":"Okay-Subs","type":"releaseTitle","value":"\\b(Okay-Subs)\\b","required":false},{"id":"pizza-17","name":"Pizza","type":"releaseTitle","value":"\\[Pizza\\]|-Pizza\\b","required":false},{"id":"reza-18","name":"Reza","type":"releaseTitle","value":"\\b(Reza)\\b","required":false},{"id":"slyfox-19","name":"Slyfox","type":"releaseTitle","value":"\\b(Slyfox)\\b","required":false},{"id":"solce-20","name":"SoLCE","type":"releaseTitle","value":"\\b(SoLCE)\\b","required":false},{"id":"tenshi-21","name":"Tenshi","type":"releaseTitle","value":"\\[tenshi\\]|-tenshi$","required":false}]'::jsonb, '[]'::jsonb),
    ('c27f2ae6a4e82373b0f1da094e2489ad', 'Anime Web Tier 03', '[{"id":"webdl-0","name":"WEBDL","type":"source","value":"WEBDL","required":false},{"id":"webrip-1","name":"WEBRIP","type":"source","value":"WEBRIP","required":false},{"id":"web-2","name":"WEB","type":"source","value":"TELEVISION","required":false},{"id":"anozu-3","name":"AnoZu","type":"releaseTitle","value":"\\b(AnoZu)\\b","required":false},{"id":"dooky-4","name":"Dooky","type":"releaseTitle","value":"\\b(Dooky)\\b","required":false},{"id":"kitsune-5","name":"Kitsune","type":"releaseTitle","value":"\\[Kitsune\\]|-Kitsune\\b","required":false},{"id":"subsplus-6","name":"SubsPlus+","type":"releaseTitle","value":"\\b(SubsPlus\\+?)\\b","required":false},{"id":"zr-7","name":"ZR","type":"releaseTitle","value":"\\b(ZR)\\b","required":false}]'::jsonb, '[]'::jsonb),
    ('4fd5528a3a8024e6b49f9c67053ea5f3', 'Anime Web Tier 04', '[{"id":"webdl-0","name":"WEBDL","type":"source","value":"WEBDL","required":false},{"id":"webrip-1","name":"WEBRIP","type":"source","value":"WEBRIP","required":false},{"id":"web-2","name":"WEB","type":"source","value":"TELEVISION","required":false},{"id":"erai-raws-3","name":"Erai-Raws","type":"releaseTitle","value":"\\b(Erai-raws)\\b","required":false},{"id":"toonshub-4","name":"ToonsHub","type":"releaseTitle","value":"\\b(ToonsHub)\\b","required":false},{"id":"varyg-5","name":"VARYG","type":"releaseTitle","value":"\\b(VARYG)\\b","required":false}]'::jsonb, '[]'::jsonb),
    ('29c2a13d091144f63307e4a8ce963a39', 'Anime Web Tier 05', '[{"id":"webdl-0","name":"WEBDL","type":"source","value":"WEBDL","required":false},{"id":"webrip-1","name":"WEBRIP","type":"source","value":"WEBRIP","required":false},{"id":"web-2","name":"WEB","type":"source","value":"TELEVISION","required":false},{"id":"bluelobster-3","name":"BlueLobster","type":"releaseTitle","value":"\\b(BlueLobster)\\b","required":false},{"id":"gst-4","name":"GST","type":"releaseTitle","value":"\\b(GST)\\b","required":false},{"id":"horriblerips-5","name":"HorribleRips","type":"releaseTitle","value":"\\b(HorribleRips)\\b","required":false},{"id":"horriblesubs-6","name":"HorribleSubs","type":"releaseTitle","value":"\\b(HorribleSubs)\\b","required":false},{"id":"kan3d2m-7","name":"KAN3D2M","type":"releaseTitle","value":"\\b(KAN3D2M)\\b","required":false},{"id":"kiyoshistar-8","name":"KiyoshiStar","type":"releaseTitle","value":"\\b(KS|KiyoshiStar)\\b","required":false},{"id":"lia-9","name":"Lia","type":"releaseTitle","value":"\\[Lia\\]|-Lia\\b","required":false},{"id":"nandesuka-10","name":"NanDesuKa","type":"releaseTitle","value":"\\b(NanDesuKa)\\b","required":false},{"id":"playweb-11","name":"PlayWeb","type":"releaseTitle","value":"\\b(PlayWeb)\\b","required":false},{"id":"sobsplease-12","name":"SobsPlease","type":"releaseTitle","value":"\\b(SobsPlease)\\b","required":false},{"id":"some-stuffs-13","name":"Some-Stuffs","type":"releaseTitle","value":"\\b(Some-Stuffs)\\b","required":false},{"id":"subsplease-14","name":"SubsPlease","type":"releaseTitle","value":"\\b(SubsPlease)\\b","required":false},{"id":"uranime-15","name":"URANIME","type":"releaseTitle","value":"\\b(URANIME)\\b","required":false},{"id":"zigzag-16","name":"ZigZag","type":"releaseTitle","value":"\\[ZigZag\\]|-ZigZab\b","required":false}]'::jsonb, '[]'::jsonb),
    ('dc262f88d74c651b12e9d90b39f6c753', 'Anime Web Tier 06', '[{"id":"webdl-0","name":"WEBDL","type":"source","value":"WEBDL","required":false},{"id":"webrip-1","name":"WEBRIP","type":"source","value":"WEBRIP","required":false},{"id":"web-2","name":"WEB","type":"source","value":"TELEVISION","required":false},{"id":"9volt-3","name":"9volt","type":"releaseTitle","value":"\\b(9volt)\\b","required":false},{"id":"asenshi-4","name":"Asenshi","type":"releaseTitle","value":"\\b(Asenshi)\\b","required":false},{"id":"chihiro-5","name":"Chihiro","type":"releaseTitle","value":"\\[Chihiro\\]|-Chihiro\\b","required":false},{"id":"commie-6","name":"Commie","type":"releaseTitle","value":"\\b(Commie)\\b","required":false},{"id":"damedesuyo-7","name":"DameDesuYo","type":"releaseTitle","value":"\\b(DameDesuYo)\\b","required":false},{"id":"doki-8","name":"Doki","type":"releaseTitle","value":"\\[Doki\\]|-Doki\\b","required":false},{"id":"gjm-9","name":"GJM","type":"releaseTitle","value":"\\b(GJM)\\b","required":false},{"id":"kaleido-10","name":"Kaleido","type":"releaseTitle","value":"\\b(Kaleido)\\b","required":false},{"id":"kantai-11","name":"Kantai","type":"releaseTitle","value":"\\[Kantai\\]|-Kantai\\b","required":false},{"id":"kawasubs-12","name":"KawaSubs","type":"releaseTitle","value":"\\b(KawaSubs)\\b","required":false},{"id":"tsundere-13","name":"Tsundere","type":"releaseTitle","value":"\\[Tsundere\\]|-Tsundere(?!-)\\b","required":false}]'::jsonb, '[]'::jsonb),
    ('b6fbafa7942952a13e17e2b1152b539a', 'ATMOS (undefined)', '[{"id":"atmos-0","name":"ATMOS","type":"releaseTitle","value":"\\bATMOS(\\b|\\d)","required":true}]'::jsonb, '[{"id":"not-aac-1","name":"Not AAC","type":"releaseTitle","value":"\\bAAC(\\b|\\d)","required":true},{"id":"not-basic-dolby-digital-2","name":"Not Basic Dolby Digital ","type":"releaseTitle","value":"\\bDD[^a-z+]|(?<!e-)\\b(ac-?3)\\b","required":true},{"id":"not-dolby-digital-plus-3","name":"Not Dolby Digital Plus","type":"releaseTitle","value":"\\bDD[P+]|\\b(e[-_. ]?ac-?3)\\b","required":true},{"id":"not-dts-4","name":"Not DTS","type":"releaseTitle","value":"\\bDTS(\\b|\\d)","required":true},{"id":"not-flac-5","name":"Not FLAC","type":"releaseTitle","value":"\\bFLAC(\\b|\\d)","required":true},{"id":"not-pcm-6","name":"Not PCM","type":"releaseTitle","value":"\\b(l?)PCM(\\b|\\d)","required":true},{"id":"not-truehd-7","name":"Not TrueHD","type":"releaseTitle","value":"True[ .-]?HD","required":true}]'::jsonb),
    ('32b367365729d530ca1c124a0b180c64', 'Bad Dual Groups', '[{"id":"alfahd-0","name":"alfaHD","type":"releaseGroup","value":"^(alfaHD.*)$","required":false},{"id":"bat-1","name":"BAT","type":"releaseGroup","value":"^(BAT)$","required":false},{"id":"bioma-2","name":"BiOMA","type":"releaseGroup","value":"^(BiOMA)$","required":false},{"id":"blackbit-3","name":"BlackBit","type":"releaseGroup","value":"^(BlackBit)$","required":false},{"id":"bnd-4","name":"BNd","type":"releaseGroup","value":"^(BNd)$","required":false},{"id":"c-a-a-5","name":"C.A.A","type":"releaseGroup","value":"^(C\\.A\\.A)$","required":false},{"id":"c76-6","name":"C76","type":"releaseGroup","value":"^(C76)$","required":false},{"id":"cory-7","name":"Cory","type":"releaseGroup","value":"^(Cory)$","required":false},{"id":"cypher-8","name":"CYPHER","type":"releaseGroup","value":"^(CYPHER)$","required":false},{"id":"eniahd-9","name":"EniaHD","type":"releaseGroup","value":"^(EniaHD)$","required":false},{"id":"extreme-10","name":"EXTREME","type":"releaseGroup","value":"^(EXTREME)$","required":false},{"id":"ff-11","name":"FF","type":"releaseGroup","value":"^(FF)$","required":false},{"id":"foxx-12","name":"FOXX","type":"releaseGroup","value":"^(FOXX)$","required":false},{"id":"g4ris-13","name":"G4RiS","type":"releaseGroup","value":"^(G4RiS)$","required":false},{"id":"gueira-14","name":"GUEIRA","type":"releaseGroup","value":"^(GUEIRA)$","required":false},{"id":"lcd-15","name":"LCD","type":"releaseGroup","value":"^(LCD)$","required":false},{"id":"mlh-16","name":"MLH","type":"releaseGroup","value":"^(MLH)$","required":false},{"id":"n3g4n-17","name":"N3G4N","type":"releaseGroup","value":"^(N3G4N)$","required":false},{"id":"pd-18","name":"PD","type":"releaseGroup","value":"^(PD)$","required":false},{"id":"pthome-19","name":"PTHome","type":"releaseGroup","value":"^(PTHome)$","required":false},{"id":"riper-20","name":"RiPER","type":"releaseGroup","value":"^(RiPER)$","required":false},{"id":"rk-21","name":"RK","type":"releaseGroup","value":"^(RK)$","required":false},{"id":"sigla-22","name":"SiGLA","type":"releaseGroup","value":"^(SiGLA)$","required":false},{"id":"tars-23","name":"Tars","type":"releaseGroup","value":"^(Tars)$","required":false},{"id":"tokar86a-24","name":"tokar86a","type":"releaseGroup","value":"^(tokar86a)$","required":false},{"id":"turg-25","name":"TURG","type":"releaseGroup","value":"^(TURG)$","required":false},{"id":"vnlls-26","name":"vnlls","type":"releaseGroup","value":"^(vnlls)$","required":false},{"id":"wtv-27","name":"WTV","type":"releaseGroup","value":"^(WTV)$","required":false},{"id":"xiquexique-28","name":"XiQUEXiQUE","type":"releaseGroup","value":"^(XiQUEXiQUE)$","required":false},{"id":"yatogam1-29","name":"Yatogam1","type":"releaseGroup","value":"^(Yatogam1)$","required":false},{"id":"yusukefla-30","name":"YusukeFLA","type":"releaseGroup","value":"^(YusukeFLA)$","required":false},{"id":"zigzag-31","name":"ZigZag","type":"releaseGroup","value":"^(ZigZag)$","required":false},{"id":"znm-32","name":"ZNM","type":"releaseGroup","value":"^(ZNM)$","required":false}]'::jsonb, '[]'::jsonb),
    ('9b27ab6498ec0f31a3353992e19434ca', 'DV (w/o HDR fallback)', '[{"id":"dolby-vision-0","name":"Dolby Vision","type":"releaseTitle","value":"\\b(dv|dovi|dolby[ .]?v(ision)?)\\b","required":true},{"id":"webdl-1","name":"WEBDL","type":"source","value":"WEBDL","required":false},{"id":"webrip-2","name":"WEBRIP","type":"source","value":"WEBRIP","required":false}]'::jsonb, '[{"id":"not-rlsgrp-3","name":"Not RlsGrp","type":"releaseGroup","value":"\\b(Flights)\\b","required":true},{"id":"not-hdr-4","name":"Not HDR","type":"releaseTitle","value":"\\bHDR(\\b|\\d)","required":true},{"id":"not-hulu-5","name":"Not Hulu","type":"releaseTitle","value":"\\b(hulu)\\b","required":true}]'::jsonb),
    ('fbcb31d8dabd2a319072b84fc0b7249c', 'Extras', '[{"id":"extras-0","name":"Extras","type":"releaseTitle","value":"(?<=\\bS\\d+\\b).*\\b(Extras|Bonus|Extended[ ._-]Clip)\\b","required":true}]'::jsonb, '[]'::jsonb),
    ('44b6c964dad997577d793fd004a39224', 'FR Anime FanSub', '[{"id":"anime-heart-0","name":"Anime-Heart","type":"releaseTitle","value":"\\b(Anime[ .-]?Heart)\\b","required":false},{"id":"kaerizaki-fansub-1","name":"Kaerizaki-Fansub","type":"releaseTitle","value":"\\b(Kaerizaki[ .-]?Fansub)\\b","required":false},{"id":"natsumi-no-sekai-2","name":"Natsumi-no-Sekai","type":"releaseTitle","value":"\\b(Natsumi[ .-]?no[ .-]?Sekai)\\b","required":false},{"id":"nekoyu-3","name":"NekoYu''","type":"releaseTitle","value":"\\b(NekoYu\\''?)\\b","required":false},{"id":"onii-chansub-4","name":"Onii-ChanSub","type":"releaseTitle","value":"\\b(Onii[ .-]?ChanSub)\\b","required":false},{"id":"owlolf-5","name":"Owlolf","type":"releaseTitle","value":"\\b(Owlolf)\\b","required":false},{"id":"pikari-teshima-6","name":"Pikari-Teshima","type":"releaseTitle","value":"\\b(Pikari[ .-]?Teshima)\\b","required":false},{"id":"seimeisen-7","name":"Seimeisen","type":"releaseTitle","value":"\\b(Seimeisen)\\b","required":false},{"id":"team-arcedo-8","name":"Team Arcedo","type":"releaseTitle","value":"\\b((Team[ .-])?Arcedo)\\b","required":false},{"id":"yarashii-9","name":"Yarashii","type":"releaseTitle","value":"\\b(Yarashii)\\b","required":false},{"id":"yangire-raws-10","name":"Yangire-Raws","type":"releaseTitle","value":"\\b(Yangire[ .-]?Raws)\\b","required":false},{"id":"kaoru-hana-fr-khfr-11","name":"Kaoru Hana FR (KHFR)","type":"releaseTitle","value":"\\b(KHFR)\\b","required":false}]'::jsonb, '[]'::jsonb),
    ('d844321db5e126d2e7e46152f0706532', 'FR HD Bluray Tier 01', '[{"id":"bluray-0","name":"BLURAY","type":"source","value":"6","required":true},{"id":"ark01-3","name":"ARK01","type":"releaseGroup","value":"^(ARK01)$","required":false},{"id":"bonbon-4","name":"BONBON","type":"releaseGroup","value":"^(BONBON)$","required":false},{"id":"fraternity-5","name":"FRATERNiTY","type":"releaseGroup","value":"^(FRATERNiTY)$","required":false},{"id":"ftmvhd-6","name":"FTMVHD","type":"releaseGroup","value":"^(FTMVHD)$","required":false},{"id":"heavyweight-7","name":"HeavyWeight","type":"releaseGroup","value":"^(HeavyWeight)$","required":false},{"id":"psaro-8","name":"Psaro","type":"releaseGroup","value":"^(Psaro)$","required":false}]'::jsonb, '[{"id":"not-remux-1","name":"Not REMUX","type":"source","value":"7","required":true},{"id":"not-2160p-2","name":"Not 2160p","type":"resolution","value":"2160","required":true}]'::jsonb),
    ('b8e91cc8fb2bd96468fab74730c30d18', 'FR Remux Tier 01', '[{"id":"remux-0","name":"Remux","type":"source","value":"7","required":true},{"id":"ftli-1","name":"FtLi","type":"releaseGroup","value":"^(FtLi)$","required":false},{"id":"goldenyann-2","name":"Goldenyann","type":"releaseGroup","value":"^(Goldenyann)$","required":false},{"id":"hdforever-3","name":"HDForever","type":"releaseGroup","value":"^(HDForever)$","required":false},{"id":"heavyweight-4","name":"HeavyWeight","type":"releaseGroup","value":"^(HeavyWeight)$","required":false},{"id":"only-5","name":"ONLY","type":"releaseGroup","value":"^(ONLY)$","required":false},{"id":"psaro-6","name":"Psaro","type":"releaseGroup","value":"^(Psaro)$","required":false},{"id":"tyrellcorp-7","name":"TyrellCorp","type":"releaseGroup","value":"^(TyrellCorp)$","required":false}]'::jsonb, '[]'::jsonb),
    ('2f3422339d185eb227a324644a2fbfca', 'FR Scene Groups', '[{"id":"spec-0","name":"#","type":"releaseGroup","value":"^(4FR)$","required":false},{"id":"a-1","name":"A","type":"releaseGroup","value":"^(AiR3D|AiRDOCS|AiRFORCE|AiRLiNE|AiRTV|AMB3R|ANMWR|AVON|AYMO|AZR)$","required":false},{"id":"b-2","name":"B","type":"releaseGroup","value":"^(BANKAi|BAWLS|BiPOLAR|BLACKPANTERS|BODIE|BOOLZ|BRiNK|BTT)$","required":false},{"id":"c-3","name":"C","type":"releaseGroup","value":"^(CARAPiLS|CiELOS|CiNEMA|CMBHD|CoRa|COUAC|CRYPT0)$","required":false},{"id":"d-4","name":"D","type":"releaseGroup","value":"^(D4KiD|DEAL|DiEBEX|DUPLI|DUSS)$","required":false},{"id":"e-5","name":"E","type":"releaseGroup","value":"^(ENJOi|EUBDS)$","required":false},{"id":"f-6","name":"F","type":"releaseGroup","value":"^(FHD|FiDELiO|FiDO|ForceBleue|FREAMON|FRENCHDEADPOOL2|FRiES|FUTiL|FWDHD)$","required":false},{"id":"g-7","name":"G","type":"releaseGroup","value":"^(GHOULS|GiMBAP|GLiMMER|Goatlove)$","required":false},{"id":"h-8","name":"H","type":"releaseGroup","value":"^(HERC|HiggsBoson|HiRoSHiMa|HYBRiS|HyDe)$","required":false},{"id":"j-9","name":"J","type":"releaseGroup","value":"^(JMT|JoKeR|JUSTICELEAGUE)$","required":false},{"id":"k-10","name":"K","type":"releaseGroup","value":"^(KAZETV)$","required":false},{"id":"l-11","name":"L","type":"releaseGroup","value":"^(L0SERNiGHT|LaoZi|LeON|LOFiDEL|LOST|LOWIMDB|LUCKY|LYPSG)$","required":false},{"id":"m-12","name":"M","type":"releaseGroup","value":"^(MAGiCAL|MANGACiTY|MAXAGAZ|MaxiBeNoul|McNULTY|MELBA|MiND|MORELAND|MUNSTER|MUxHD)$","required":false},{"id":"n-13","name":"N","type":"releaseGroup","value":"^(N0Z00M|NERDHD|NERO|NrZ|NTK)$","required":false},{"id":"o-14","name":"O","type":"releaseGroup","value":"^(OBSTACLE|OohLaLa|OOKAMI)$","required":false},{"id":"p-15","name":"P","type":"releaseGroup","value":"^(PANZeR|PATHECROUTE|Penrose|PHoQUE|PiNKPANTERS|PKPTRS|PRiDEHD|PROPJOE|PURE|PUREWASTEOFBW)$","required":false},{"id":"r-16","name":"R","type":"releaseGroup","value":"^(ROUGH|RUDE|Ryotox)$","required":false},{"id":"s-17","name":"S","type":"releaseGroup","value":"^(SAFETY|SASHiMi|SEiGHT|SESKAPiLE|SharpHD|SHEEEiT|SHiNiGAMi(UHD)?|SiGeRiS|SILVIODANTE|SLEEPINGFOREST|SODAPOP|S4LVE|SPINE|SPOiLER|STRINGERBELL|Sunday26th|SUNRiSE)$","required":false},{"id":"t-18","name":"T","type":"releaseGroup","value":"^(tFR|THENiGHTMAREiNHD|THiNK|THREESOME|TiMELiNE|TSuNaMi)$","required":false},{"id":"u-19","name":"U","type":"releaseGroup","value":"^(UKDHD|UKDTV|ULSHD|Ulysse|(US)?UNSKiLLED|URY|USURY)$","required":false},{"id":"v-20","name":"V","type":"releaseGroup","value":"^(VENUE|VFC|VoMiT)$","required":false},{"id":"w-21","name":"W","type":"releaseGroup","value":"^(Wednesday29th)$","required":false},{"id":"z-22","name":"Z","type":"releaseGroup","value":"^(ZEST|ZiRCON)$","required":false}]'::jsonb, '[]'::jsonb),
    ('ddb8eaa9c85a549c50034d280539d54d', 'FR WEB Tier 01', '[{"id":"webdl-0","name":"WEBDL","type":"source","value":"WEBDL","required":false},{"id":"webrip-1","name":"WEBRIP","type":"source","value":"WEBRIP","required":false},{"id":"bonbon-2","name":"BONBON","type":"releaseGroup","value":"^(BONBON)$","required":false},{"id":"fck-3","name":"FCK","type":"releaseGroup","value":"^(FCK)$","required":false},{"id":"fw-4","name":"FW","type":"releaseGroup","value":"^(FW)$","required":false},{"id":"fraternity-5","name":"FRATERNiTY","type":"releaseGroup","value":"^(FRATERNiTY)$","required":false},{"id":"mtdk-6","name":"MTDK","type":"releaseGroup","value":"^(MTDK)$","required":false},{"id":"nolo-7","name":"NoLo","type":"releaseGroup","value":"^(NoLo)$","required":false},{"id":"patopesto-8","name":"PATOPESTO","type":"releaseGroup","value":"^(PATOPESTO)$","required":false},{"id":"psaro-9","name":"Psaro","type":"releaseGroup","value":"^(Psaro)$","required":false},{"id":"supply-10","name":"SUPPLY","type":"releaseGroup","value":"^(SUPPLY)$","required":false},{"id":"tfa-11","name":"TFA","type":"releaseGroup","value":"^(TFA)$","required":false},{"id":"tina-12","name":"TiNA","type":"releaseGroup","value":"^(TiNA)$","required":false}]'::jsonb, '[]'::jsonb),
    ('a4c51febd4d8b2a0db10a3c974f21d92', 'FR WEB Tier 02', '[{"id":"webdl-0","name":"WEBDL","type":"source","value":"WEBDL","required":false},{"id":"webrip-1","name":"WEBRIP","type":"source","value":"WEBRIP","required":false},{"id":"coll3ctif-2","name":"COLL3CTiF","type":"releaseGroup","value":"^(COLL3CTiF)$","required":false},{"id":"find-3","name":"FiND","type":"releaseGroup","value":"^(FiND)$","required":false},{"id":"friends-4","name":"FrIeNdS","type":"releaseGroup","value":"^(FrIeNdS)$","required":false},{"id":"heavyweight-5","name":"HeavyWeight","type":"releaseGroup","value":"^(HeavyWeight)$","required":false},{"id":"none-6","name":"NoNe","type":"releaseGroup","value":"^(NoNe)$","required":false},{"id":"perso-7","name":"pERsO","type":"releaseGroup","value":"^(pERsO)$","required":false},{"id":"poto-8","name":"POTO","type":"releaseGroup","value":"^(POTO)$","required":false},{"id":"rg-9","name":"RG","type":"releaseGroup","value":"^(RG)$","required":false},{"id":"ripit-10","name":"RiPiT","type":"releaseGroup","value":"^(RiPiT)$","required":false},{"id":"tat-11","name":"TAT","type":"releaseGroup","value":"^(TAT)$","required":false}]'::jsonb, '[]'::jsonb),
    ('1284d18e693de8efe0fe7d6b3e0b9170', 'FUNi', '[{"id":"webdl-0","name":"WEBDL","type":"source","value":"WEBDL","required":false},{"id":"webrip-1","name":"WEBRIP","type":"source","value":"WEBRIP","required":false},{"id":"web-2","name":"WEB","type":"source","value":"TELEVISION","required":false},{"id":"funimation-3","name":"Funimation","type":"releaseTitle","value":"\\b(FUNi(mation)?)\\b","required":true}]'::jsonb, '[]'::jsonb),
    ('955cbe14c274da55564e50234ca555ff', 'German Anime Bluray Tier 01', '[{"id":"baka-0","name":"Baka","type":"releaseGroup","value":"^(Baka)$","required":false},{"id":"pudding-sama-1","name":"Pudding-sama","type":"releaseGroup","value":"^(Pudding[-]?sama)$","required":false},{"id":"rtemp-2","name":"RTemp","type":"releaseGroup","value":"^(RTemp)$","required":false},{"id":"snk-3","name":"snk","type":"releaseGroup","value":"\\b(snk|shw)\\b","required":false},{"id":"ainz-4","name":"Ainz","type":"releaseGroup","value":"^(Ainz)$","required":false},{"id":"tvr-5","name":"TvR","type":"releaseGroup","value":"^(TvR)$","required":false},{"id":"fuuko-6","name":"Fuuko","type":"releaseGroup","value":"^(Fuuko)$","required":false},{"id":"ao-7","name":"AO","type":"releaseGroup","value":"^(AO)$","required":false},{"id":"cny-8","name":"CNY","type":"releaseGroup","value":"^(CNY)$","required":false},{"id":"fumofriday-9","name":"FumoFriday","type":"releaseGroup","value":"^(FumoFriday)$","required":false},{"id":"waechter-10","name":"Waechter","type":"releaseGroup","value":"^(Waechter)$","required":false},{"id":"gp-11","name":"GP","type":"releaseGroup","value":"^(GP)$","required":false},{"id":"bluray-12","name":"Bluray","type":"source","value":"6","required":true}]'::jsonb, '[{"id":"not-remux-13","name":"Not REMUX","type":"source","value":"7","required":true}]'::jsonb),
    ('9359e91ae245ff20a6747bd08191e24d', 'German Anime Bluray Tier 02', '[{"id":"abj-0","name":"ABJ","type":"releaseGroup","value":"^(ABJ)$","required":false},{"id":"driftking-1","name":"DRiFTKiNG","type":"releaseGroup","value":"\\b(DRiFTKiNG|DK)\\b","required":false},{"id":"vector-2","name":"VECTOR","type":"releaseGroup","value":"^(VECTOR)$","required":false},{"id":"zerotwo-3","name":"ZeroTwo","type":"releaseGroup","value":"^(ZeroTwo)$","required":false},{"id":"zerotwo-aliases-4","name":"ZeroTwo Aliases","type":"releaseGroup","value":"\\b(BUTTERCUP|HARTZ02|XiSS|DOGPACK404|PRiNCESSDiANA|DiVA|WAREZCX|BiTCHNUGGET)\\b","required":false},{"id":"sixtynine-5","name":"SiXTYNiNE","type":"releaseGroup","value":"^(SiXTYNiNE)$","required":false},{"id":"phm-6","name":"PHM","type":"releaseGroup","value":"^(PHM)$","required":false},{"id":"bluray-7","name":"Bluray","type":"source","value":"6","required":true}]'::jsonb, '[{"id":"not-remux-8","name":"Not REMUX","type":"source","value":"7","required":true}]'::jsonb),
    ('4713f52901c85b44724ec7ff7bef0aba', 'German Anime Bluray Tier 03', '[{"id":"subaru-0","name":"SUBARU","type":"releaseGroup","value":"^(SUBARU)$","required":false},{"id":"atax-1","name":"ATAX","type":"releaseGroup","value":"^(ATAX)$","required":false},{"id":"hdc-2","name":"HDC","type":"releaseGroup","value":"^(HDC)$","required":false},{"id":"mindus-3","name":"Mindus","type":"releaseGroup","value":"^(Mindus)$","required":false},{"id":"4baka-4","name":"4Baka","type":"releaseGroup","value":"^(4Baka)$","required":false},{"id":"w33bshit-5","name":"W33BSHiT","type":"releaseGroup","value":"^(W33BSHiT)$","required":false},{"id":"ast4u-6","name":"AST4u","type":"releaseGroup","value":"^(AST4u)$","required":false},{"id":"bluray-7","name":"Bluray","type":"source","value":"6","required":true}]'::jsonb, '[{"id":"not-remux-8","name":"Not REMUX","type":"source","value":"7","required":true}]'::jsonb),
    ('bf40cabd88c0025b03ad511d300d7394', 'German Anime Scene', '[{"id":"onigiri-0","name":"ONiGiRi","type":"releaseGroup","value":"^(ONiGiRi)$","required":false},{"id":"stars-1","name":"STARS","type":"releaseGroup","value":"^(STARS)$","required":false},{"id":"dmpd-2","name":"DMPD","type":"releaseGroup","value":"^(DMPD)$","required":false},{"id":"ohd-3","name":"OHD","type":"releaseGroup","value":"^(OHD)$","required":false},{"id":"sauerkraut-4","name":"SAUERKRAUT","type":"releaseGroup","value":"^(SAUERKRAUT)$","required":false},{"id":"3mina-5","name":"3MINA","type":"releaseGroup","value":"^(3MINA)$","required":false},{"id":"fwb-6","name":"FWB","type":"releaseGroup","value":"^(FWB)$","required":false},{"id":"bigint-7","name":"BiGiNT","type":"releaseGroup","value":"^(BiGiNT)$","required":false},{"id":"mrw-8","name":"MRW","type":"releaseGroup","value":"^(MRW)$","required":false}]'::jsonb, '[]'::jsonb),
    ('89bb526ec04af08433dee41e929fc965', 'German Anime Web Tier 01', '[{"id":"baka-0","name":"Baka","type":"releaseGroup","value":"^(Baka)$","required":false},{"id":"pudding-sama-1","name":"Pudding-sama","type":"releaseGroup","value":"^(Pudding[-]?sama)$","required":false},{"id":"rtemp-2","name":"RTemp","type":"releaseGroup","value":"^(RTemp)$","required":false},{"id":"snk-3","name":"snk","type":"releaseGroup","value":"\\b(snk|shw)\\b","required":false},{"id":"ainz-4","name":"Ainz","type":"releaseGroup","value":"^(Ainz)$","required":false},{"id":"tvr-5","name":"TvR","type":"releaseGroup","value":"^(TvR)$","required":false},{"id":"tanuki-6","name":"Tanuki","type":"releaseGroup","value":"^(Tanuki)$","required":false},{"id":"hishiro-7","name":"HiSHiRO","type":"releaseGroup","value":"^(HiSHiRO)$","required":false},{"id":"weebpinn-8","name":"WeebPinn","type":"releaseGroup","value":"^(WeebPinn)$","required":false},{"id":"lynacchi-9","name":"Lynacchi","type":"releaseGroup","value":"^(Lynacchi)$","required":false},{"id":"webdl-10","name":"WebDL","type":"source","value":"WEBDL","required":false},{"id":"webrip-11","name":"WebRip","type":"source","value":"WEBRIP","required":false}]'::jsonb, '[]'::jsonb),
    ('da3e14f96e3b487d6a7267f417d4885b', 'German Anime Web Tier 02', '[{"id":"abj-0","name":"ABJ","type":"releaseGroup","value":"^(ABJ)$","required":false},{"id":"driftking-1","name":"DRiFTKiNG","type":"releaseGroup","value":"\\b(DRiFTKiNG|DK)\\b","required":false},{"id":"vector-2","name":"VECTOR","type":"releaseGroup","value":"^(VECTOR)$","required":false},{"id":"zerotwo-3","name":"ZeroTwo","type":"releaseGroup","value":"^(ZeroTwo)$","required":false},{"id":"zerotwo-aliases-4","name":"ZeroTwo Aliases","type":"releaseGroup","value":"\\b(BUTTERCUP|HARTZ02|XiSS|DOGPACK404|PRiNCESSDiANA|DiVA|WAREZCX|BiTCHNUGGET)\\b","required":false},{"id":"sixtynine-5","name":"SiXTYNiNE","type":"releaseGroup","value":"^(SiXTYNiNE)$","required":false},{"id":"ao-6","name":"AO","type":"releaseGroup","value":"^(AO)$","required":false},{"id":"meld-7","name":"MELD","type":"releaseGroup","value":"^(MELD)$","required":false},{"id":"webdl-8","name":"WebDL","type":"source","value":"WEBDL","required":false},{"id":"webrip-9","name":"WebRip","type":"source","value":"WEBRIP","required":false}]'::jsonb, '[]'::jsonb),
    ('7940b2fb0278f27cf4f70187f2be95d6', 'German Bluray Tier 01', '[{"id":"zerotwo-0","name":"ZeroTwo","type":"releaseGroup","value":"^(ZeroTwo)$","required":false},{"id":"zerotwo-aliases-1","name":"ZeroTwo Aliases","type":"releaseGroup","value":"\\b(BUTTERCUP|HARTZ02|XiSS|DOGPACK404|PRiNCESSDiANA|DiVA|D02KU|WAREZCX|BiTCHNUGGET)\\b","required":false},{"id":"tscc-2","name":"TSCC","type":"releaseGroup","value":"^(TSCC)$","required":false},{"id":"tvr-3","name":"TvR","type":"releaseGroup","value":"^(TvR)$","required":false},{"id":"nima4k-4","name":"NIMA4K","type":"releaseGroup","value":"^(NIMA4K)$","required":false},{"id":"tvs-5","name":"TVS","type":"releaseGroup","value":"^(TVS)$","required":false},{"id":"pxl-6","name":"PXL","type":"releaseGroup","value":"^(PXL)$","required":false},{"id":"cny-7","name":"CNY","type":"releaseGroup","value":"^(CNY)$","required":false},{"id":"weebpinn-8","name":"WeebPinn","type":"releaseGroup","value":"^(WeebPinn)$","required":false},{"id":"walterbishop-9","name":"WalterBishop","type":"releaseGroup","value":"^(WalterBishop)$","required":false},{"id":"bluray-10","name":"Bluray","type":"source","value":"6","required":true}]'::jsonb, '[{"id":"not-remux-11","name":"Not REMUX","type":"source","value":"7","required":true}]'::jsonb),
    ('83b336a90d90d6b35ca673b007f80661', 'German Bluray Tier 02', '[{"id":"vector-0","name":"VECTOR","type":"releaseGroup","value":"^(VECTOR)$","required":false},{"id":"multiplex-1","name":"MULTiPLEX","type":"releaseGroup","value":"^(MULTiPLEX)$","required":false},{"id":"sixtynine-2","name":"SiXTYNiNE","type":"releaseGroup","value":"^(SiXTYNiNE)$","required":false},{"id":"oergel-3","name":"Oergel","type":"releaseGroup","value":"^(Oergel)$","required":false},{"id":"abj-4","name":"ABJ","type":"releaseGroup","value":"^(ABJ)$","required":false},{"id":"bluray-5","name":"Bluray","type":"source","value":"6","required":true}]'::jsonb, '[{"id":"not-remux-6","name":"Not REMUX","type":"source","value":"7","required":true}]'::jsonb),
    ('d8f8e1539827967e0e564833e6c08d33', 'German Bluray Tier 03', '[{"id":"robertdeniro-0","name":"RobertDeNiro","type":"releaseGroup","value":"^(RobertDeNiro)$","required":false},{"id":"hqc-1","name":"HQC","type":"releaseGroup","value":"^(HQC)$","required":false},{"id":"rdr-2","name":"RDR","type":"releaseGroup","value":"^(RDR)$","required":false},{"id":"hdsource-3","name":"HDSource","type":"releaseGroup","value":"^(HDSource)$","required":false},{"id":"bluray-4","name":"Bluray","type":"source","value":"6","required":true}]'::jsonb, '[{"id":"not-remux-5","name":"Not REMUX","type":"source","value":"7","required":true}]'::jsonb),
    ('a6a6c33d057406aaad978a6902823c35', 'German LQ', '[{"id":"pso-0","name":"PsO","type":"releaseGroup","value":"^(PsO)$","required":false},{"id":"cancer58-1","name":"Cancer58","type":"releaseGroup","value":"^(Cancer58)$","required":false},{"id":"tylor-d-2","name":"Tylor.D","type":"releaseGroup","value":"^(Tylor\\.D)$","required":false},{"id":"1xbet-3","name":"1XBET","type":"releaseGroup","value":"^(1XBET)$","required":false},{"id":"2dead-4","name":"2dead","type":"releaseGroup","value":"^(2dead)$","required":false},{"id":"held-5","name":"HELD","type":"releaseGroup","value":"^(HELD)$","required":false},{"id":"kala-6","name":"kala","type":"releaseGroup","value":"^(kala)$","required":false},{"id":"poe-7","name":"POE","type":"releaseGroup","value":"^(POE)$","required":false},{"id":"showe-8","name":"SHOWE","type":"releaseGroup","value":"^(SHOWE)$","required":false},{"id":"showehd-9","name":"SHOWEHD","type":"releaseGroup","value":"^(SHOWEHD)$","required":false},{"id":"orca88-10","name":"ORCA88","type":"releaseGroup","value":"^(ORCA88)$","required":false},{"id":"lurch-11","name":"LuRCH","type":"releaseGroup","value":"^(LuRCH)$","required":false},{"id":"n2d2-12","name":"N2D2","type":"releaseGroup","value":"^(N2D2)$","required":false},{"id":"getb8-13","name":"GETB8","type":"releaseGroup","value":"^(GETB8)$","required":false},{"id":"tfarc-14","name":"TFARC","type":"releaseGroup","value":"^(TFARC)$","required":false},{"id":"kristallprinz-15","name":"Kristallprinz","type":"releaseGroup","value":"^(Kristallprinz)$","required":false},{"id":"law-16","name":"LAW","type":"releaseGroup","value":"^(LAW)$","required":false},{"id":"ctfoh-17","name":"CTFOH","type":"releaseGroup","value":"^(CTFOH)$","required":false},{"id":"pendeti-18","name":"Pendeti","type":"releaseGroup","value":"^(Pendeti)$","required":false},{"id":"oj-19","name":"OJ","type":"releaseGroup","value":"^(OJ)$","required":false},{"id":"ps-20","name":"PS","type":"releaseGroup","value":"^(PS)$","required":false},{"id":"fsx-21","name":"FSX","type":"releaseGroup","value":"^(FSX)$","required":false},{"id":"emvy-22","name":"EMVY","type":"releaseGroup","value":"^(EMVY)$","required":false},{"id":"zaidanulled-23","name":"ZaidaNulled","type":"releaseGroup","value":"^(ZaidaNulled)$","required":false},{"id":"mega-24","name":"MEGA","type":"releaseGroup","value":"^(MEGA)$","required":false},{"id":"mba-25","name":"MBA","type":"releaseGroup","value":"^(MBA)$","required":false},{"id":"formba-26","name":"FORMBA","type":"releaseGroup","value":"^(FORMBA)$","required":false},{"id":"paz-27","name":"PaZ","type":"releaseGroup","value":"^(PaZ)$","required":false},{"id":"whistler-28","name":"Whistler","type":"releaseGroup","value":"^(Whistler)$","required":false},{"id":"omikron-29","name":"omikron","type":"releaseGroup","value":"^(omikron)$","required":false},{"id":"wott-30","name":"WOTT","type":"releaseGroup","value":"^(WOTT)$","required":false},{"id":"sundry-31","name":"SunDry","type":"releaseGroup","value":"^(SunDry)$","required":false},{"id":"pl-32","name":"PL","type":"releaseGroup","value":"^(PL)$","required":false},{"id":"tvarchiv-33","name":"TVARCHiV","type":"releaseGroup","value":"^(TVARCHiV)$","required":false},{"id":"p73-34","name":"P73","type":"releaseGroup","value":"^(P73)$","required":false},{"id":"lizardsquad-35","name":"LizardSquad","type":"releaseGroup","value":"^(LizardSquad)$","required":false},{"id":"avtomat-36","name":"AVTOMAT","type":"releaseGroup","value":"^(AVTOMAT)$","required":false},{"id":"isseymiyake-37","name":"iSSEYMiYAKE","type":"releaseGroup","value":"^(iSSEYMiYAKE)$","required":false},{"id":"tvp-38","name":"TVP","type":"releaseGroup","value":"^(TVP)$","required":false},{"id":"aida-39","name":"AIDA","type":"releaseGroup","value":"^(AIDA)$","required":false},{"id":"utopia-40","name":"UTOPiA","type":"releaseGroup","value":"^(UTOPiA)$","required":false},{"id":"fraggers-41","name":"FRAGGERS","type":"releaseGroup","value":"^(FRAGGERS)$","required":false},{"id":"sd7-42","name":"SD7","type":"releaseGroup","value":"^(SD7)$","required":false}]'::jsonb, '[]'::jsonb),
    ('237eda4ef550a97da2c9d87b437e500b', 'German Microsized', '[{"id":"fun-0","name":"FuN","type":"releaseGroup","value":"^(FuN)$","required":false},{"id":"w00t-1","name":"w00t","type":"releaseGroup","value":"^(w00t)$","required":false},{"id":"gtf-2","name":"GTF","type":"releaseGroup","value":"^(GTF)$","required":false},{"id":"patrol-3","name":"PaTroL","type":"releaseGroup","value":"^(PaTroL)$","required":false},{"id":"jellyfinplex-4","name":"JellyfinPlex","type":"releaseGroup","value":"^(JellyfinPlex)$","required":false},{"id":"bb-5","name":"BB","type":"releaseGroup","value":"^(BB)$","required":false},{"id":"266ers-6","name":"266ers","type":"releaseGroup","value":"^(266ers)$","required":false}]'::jsonb, '[]'::jsonb),
    ('da0f005f9c3edf34fc26e18dce8c6573', 'German Remux Tier 01', '[{"id":"tvr-0","name":"TvR","type":"releaseGroup","value":"^(TvR)$","required":false},{"id":"pmhd-1","name":"pmHD","type":"releaseGroup","value":"^(pmHD)$","required":false},{"id":"nima4k-2","name":"NIMA4K","type":"releaseGroup","value":"^(NIMA4K)$","required":false},{"id":"qfg-3","name":"QfG","type":"releaseGroup","value":"^(QfG)$","required":false},{"id":"tscc-4","name":"TSCC","type":"releaseGroup","value":"^(TSCC)$","required":false},{"id":"remux-5","name":"Remux","type":"source","value":"7","required":true}]'::jsonb, '[]'::jsonb),
    ('6bc5ccd80a03e7abb8f556eecd174b73', 'German Remux Tier 02', '[{"id":"multiplex-0","name":"MULTiPLEX","type":"releaseGroup","value":"^(MULTiPLEX)$","required":false},{"id":"hqc-1","name":"HQC","type":"releaseGroup","value":"^(HQC)$","required":false},{"id":"hdsource-2","name":"HDSource","type":"releaseGroup","value":"^(HDSource)$","required":false},{"id":"remux-3","name":"Remux","type":"source","value":"7","required":true}]'::jsonb, '[]'::jsonb),
    ('c2eec878fa1989599c226ce4c287d6a7', 'German Scene', '[{"id":"4kconnection-0","name":"4KCONNECTiON","type":"releaseGroup","value":"^(4KCONNECTiON)$","required":false},{"id":"aced-1","name":"ACED","type":"releaseGroup","value":"^(ACED)$","required":false},{"id":"awards-2","name":"AWARDS","type":"releaseGroup","value":"^(AWARDS)$","required":false},{"id":"bi0hazard-3","name":"bi0hazard","type":"releaseGroup","value":"^(bi0hazard)$","required":false},{"id":"cdd-4","name":"CDD","type":"releaseGroup","value":"^(CDD)$","required":false},{"id":"cdp-5","name":"CDP","type":"releaseGroup","value":"^(CDP)$","required":false},{"id":"contribution-6","name":"CONTRiBUTiON","type":"releaseGroup","value":"^(CONTRiBUTiON)$","required":false},{"id":"details-7","name":"DETAiLS","type":"releaseGroup","value":"^(DETAiLS)$","required":false},{"id":"dmpd-8","name":"DMPD","type":"releaseGroup","value":"^(DMPD)$","required":false},{"id":"encounters-9","name":"ENCOUNTERS","type":"releaseGroup","value":"^(ENCOUNTERS)$","required":false},{"id":"endstation-10","name":"ENDSTATiON","type":"releaseGroup","value":"^(ENDSTATiON)$","required":false},{"id":"euhd-11","name":"euHD","type":"releaseGroup","value":"^(euHD)$","required":false},{"id":"excited-12","name":"EXCiTED","type":"releaseGroup","value":"^(EXCiTED)$","required":false},{"id":"fendt-13","name":"FENDT","type":"releaseGroup","value":"^(FENDT)$","required":false},{"id":"fkktv-14","name":"FKKTV","type":"releaseGroup","value":"^(FKKTV)$","required":false},{"id":"gtvg-15","name":"GTVG","type":"releaseGroup","value":"^(GTVG)$","required":false},{"id":"haxe-16","name":"HAXE","type":"releaseGroup","value":"^(HAXE)$","required":false},{"id":"hdarchiv-17","name":"HDARCHiV","type":"releaseGroup","value":"^(HDARCHiV)$","required":false},{"id":"intention-18","name":"iNTENTiON","type":"releaseGroup","value":"^(iNTENTiON)$","required":false},{"id":"jajunge-19","name":"JaJunge","type":"releaseGroup","value":"^(JaJunge)$","required":false},{"id":"mge-20","name":"MGE","type":"releaseGroup","value":"^(MGE)$","required":false},{"id":"misfits-21","name":"MisFiTS","type":"releaseGroup","value":"^(MisFiTS)$","required":false},{"id":"muhhd-22","name":"muhHD","type":"releaseGroup","value":"^(muhHD)$","required":false},{"id":"oca-23","name":"OCA","type":"releaseGroup","value":"^(OCA)$","required":false},{"id":"ohd-24","name":"OHD","type":"releaseGroup","value":"^(OHD)$","required":false},{"id":"pl3x-25","name":"PL3X","type":"releaseGroup","value":"^(PL3X)$","required":false},{"id":"rile-26","name":"RiLE","type":"releaseGroup","value":"^(RiLE)$","required":false},{"id":"ripley-27","name":"RIPLEY","type":"releaseGroup","value":"^(RIPLEY)$","required":false},{"id":"rsg-28","name":"RSG","type":"releaseGroup","value":"^(RSG)$","required":false},{"id":"rubbish-29","name":"RUBBiSH","type":"releaseGroup","value":"^(RUBBiSH)$","required":false},{"id":"rwp-30","name":"RWP","type":"releaseGroup","value":"^(RWP)$","required":false},{"id":"sauerkraut-31","name":"SAUERKRAUT","type":"releaseGroup","value":"^(SAUERKRAUT)$","required":false},{"id":"stars-32","name":"STARS","type":"releaseGroup","value":"^(STARS)$","required":false},{"id":"tmsf-33","name":"TMSF","type":"releaseGroup","value":"^(TMSF)$","required":false},{"id":"tv4a-34","name":"TV4A","type":"releaseGroup","value":"^(TV4A)$","required":false},{"id":"tvnation-35","name":"TVNATiON","type":"releaseGroup","value":"^(TVNATiON)$","required":false},{"id":"w4k-36","name":"W4K","type":"releaseGroup","value":"^(W4K)$","required":false},{"id":"watchable-37","name":"WATCHABLE","type":"releaseGroup","value":"^(WATCHABLE)$","required":false},{"id":"wayne-38","name":"WAYNE","type":"releaseGroup","value":"^(WAYNE)$","required":false},{"id":"wombat-39","name":"WOMBAT","type":"releaseGroup","value":"^(WOMBAT)$","required":false},{"id":"wvf-40","name":"WvF","type":"releaseGroup","value":"^(WvF)$","required":false}]'::jsonb, '[]'::jsonb),
    ('68be37323132b35cf333c81a2ac8fc16', 'German Web Tier 01', '[{"id":"cny-0","name":"CNY","type":"releaseGroup","value":"^(CNY)$","required":false},{"id":"komet-1","name":"KOMET","type":"releaseGroup","value":"^(KOMET)$","required":false},{"id":"mediathek-2","name":"MEDiATHEK","type":"releaseGroup","value":"^(MEDiATHEK)$","required":false},{"id":"nima4k-3","name":"NIMA4K","type":"releaseGroup","value":"^(NIMA4K)$","required":false},{"id":"pxl-4","name":"PXL","type":"releaseGroup","value":"^(PXL)$","required":false},{"id":"qfg-5","name":"QfG","type":"releaseGroup","value":"^(QfG)$","required":false},{"id":"riir-6","name":"RiiR","type":"releaseGroup","value":"^(RiiR)$","required":false},{"id":"riir-aliases-7","name":"RiiR Aliases","type":"releaseGroup","value":"\\b(TOJ)\\b","required":false},{"id":"slide-8","name":"SLiDE","type":"releaseGroup","value":"^(SLiDE)$","required":false},{"id":"tscc-9","name":"TSCC","type":"releaseGroup","value":"^(TSCC)$","required":false},{"id":"tvr-10","name":"TvR","type":"releaseGroup","value":"^(TvR)$","required":false},{"id":"tvs-11","name":"TVS","type":"releaseGroup","value":"^(TVS)$","required":false},{"id":"walterbishop-12","name":"WalterBishop","type":"releaseGroup","value":"^(WalterBishop)$","required":false},{"id":"weebpinn-13","name":"WeebPinn","type":"releaseGroup","value":"^(WeebPinn)$","required":false},{"id":"zerotwo-14","name":"ZeroTwo","type":"releaseGroup","value":"^(ZeroTwo)$","required":false},{"id":"zerotwo-aliases-15","name":"ZeroTwo Aliases","type":"releaseGroup","value":"\\b(BUTTERCUP|HARTZ02|XiSS|DOGPACK404|PRiNCESSDiANA|DiVA|D02KU|WAREZCX|BiTCHNUGGET)\\b","required":false},{"id":"webdl-16","name":"WebDL","type":"source","value":"WEBDL","required":false},{"id":"webrip-17","name":"WebRip","type":"source","value":"WEBRIP","required":false}]'::jsonb, '[]'::jsonb),
    ('f51b96a50b0e6196cb69724b7833d837', 'German Web Tier 02', '[{"id":"4sf-0","name":"4SF","type":"releaseGroup","value":"^(4SF)$","required":false},{"id":"4sf-aliases-1","name":"4SF Aliases","type":"releaseGroup","value":"\\b(4SJ)\\b","required":false},{"id":"abj-2","name":"ABJ","type":"releaseGroup","value":"^(ABJ)$","required":false},{"id":"florix-3","name":"FLORiX","type":"releaseGroup","value":"^(FLORiX)$","required":false},{"id":"multiplex-4","name":"MULTiPLEX","type":"releaseGroup","value":"^(MULTiPLEX)$","required":false},{"id":"oergel-5","name":"Oergel","type":"releaseGroup","value":"^(Oergel)$","required":false},{"id":"sixtynine-6","name":"SiXTYNiNE","type":"releaseGroup","value":"^(SiXTYNiNE)$","required":false},{"id":"vector-7","name":"VECTOR","type":"releaseGroup","value":"^(VECTOR)$","required":false},{"id":"webdl-8","name":"WebDL","type":"source","value":"WEBDL","required":false},{"id":"webrip-9","name":"WebRip","type":"source","value":"WEBRIP","required":false}]'::jsonb, '[]'::jsonb),
    ('bda67c2c0aae257308a4723d92475b86', 'German Web Tier 03', '[{"id":"robertdeniro-0","name":"RobertDeNiro","type":"releaseGroup","value":"^(RobertDeNiro)$","required":false},{"id":"balenciaga-1","name":"BALENCiAGA","type":"releaseGroup","value":"^(BALENCiAGA)$","required":false},{"id":"hqc-2","name":"HQC","type":"releaseGroup","value":"^(HQC)$","required":false},{"id":"hdsource-3","name":"HDSource","type":"releaseGroup","value":"^(HDSource)$","required":false},{"id":"inception-4","name":"iNCEPTION","type":"releaseGroup","value":"^(iNCEPTION)$","required":false},{"id":"rdr-5","name":"RDR","type":"releaseGroup","value":"^(RDR)$","required":false},{"id":"webdl-6","name":"WebDL","type":"source","value":"WEBDL","required":false},{"id":"webrip-7","name":"WebRip","type":"source","value":"WEBRIP","required":false}]'::jsonb, '[]'::jsonb),
    ('d6819cba26b1a6508138d25fb5e32293', 'HD Bluray Tier 01', '[{"id":"bluray-0","name":"BLURAY","type":"source","value":"6","required":true},{"id":"chotab-3","name":"Chotab","type":"releaseGroup","value":"^(Chotab)$","required":false},{"id":"ctrlhd-4","name":"CtrlHD","type":"releaseGroup","value":"^(CtrlHD)$","required":false},{"id":"don-5","name":"DON","type":"releaseGroup","value":"^(DON)$","required":false},{"id":"ebp-6","name":"EbP","type":"releaseGroup","value":"^(EbP)$","required":false},{"id":"ntb-7","name":"NTb","type":"releaseGroup","value":"^(NTb)$","required":false},{"id":"pter-8","name":"PTer","type":"releaseGroup","value":"^(PTer)$","required":false}]'::jsonb, '[{"id":"not-remux-1","name":"Not REMUX","type":"source","value":"7","required":true},{"id":"not-2160p-2","name":"Not 2160p","type":"resolution","value":"2160","required":true}]'::jsonb),
    ('c2216b7b8aa545dc1ce8388c618f8d57', 'HD Bluray Tier 02', '[{"id":"bluray-0","name":"BLURAY","type":"source","value":"6","required":true},{"id":"sa89-3","name":"SA89","type":"releaseGroup","value":"^(SA89)$","required":false},{"id":"sbr-4","name":"sbR","type":"releaseGroup","value":"^(sbR)$","required":false}]'::jsonb, '[{"id":"not-remux-1","name":"Not REMUX","type":"source","value":"7","required":true},{"id":"not-2160p-2","name":"Not 2160p","type":"resolution","value":"2160","required":true}]'::jsonb),
    ('3a4127d8aa781b44120d907f2cd62627', 'Hybrid', '[{"id":"hybrid-0","name":"Hybrid","type":"releaseTitle","value":"\\bhybrid(\\b|\\d)","required":false},{"id":"remux-2","name":"Remux","type":"source","value":"7","required":false},{"id":"bluray-3","name":"Bluray","type":"source","value":"6","required":false}]'::jsonb, '[{"id":"not-hybrid-release-group-1","name":"Not Hybrid Release Group","type":"releaseGroup","value":"\\b(HYBRID)\\b","required":true}]'::jsonb),
    ('9c11cd3f07101cdba90a2d81cf0e56b4', 'LQ', '[{"id":"brink-0","name":"BRiNK","type":"releaseGroup","value":"^(BRiNK)$","required":false},{"id":"btm-1","name":"BTM","type":"releaseGroup","value":"^(BTM)$","required":false},{"id":"chx-2","name":"CHX","type":"releaseGroup","value":"^(CHX)$","required":false},{"id":"ctfoh-3","name":"CTFOH","type":"releaseGroup","value":"^(CTFOH)$","required":false},{"id":"d3g-4","name":"d3g","type":"releaseGroup","value":"^(d3g)$","required":false},{"id":"depraved-5","name":"DepraveD","type":"releaseGroup","value":"^(DepraveD)$","required":false},{"id":"evo-6","name":"EVO","type":"releaseGroup","value":"^(EVO)$","required":false},{"id":"feranki1980-7","name":"Feranki1980","type":"releaseGroup","value":"^(Feranki1980)$","required":false},{"id":"fgt-8","name":"FGT","type":"releaseGroup","value":"^(FGT)$","required":false},{"id":"fmd-9","name":"FMD","type":"releaseGroup","value":"^(FMD)$","required":false},{"id":"ghosts-10","name":"GHOSTS","type":"releaseGroup","value":"^(GHOSTS)$","required":false},{"id":"hiqve-11","name":"HiQVE","type":"releaseGroup","value":"^(HiQVE)$","required":false},{"id":"intenso-12","name":"iNTENSO","type":"releaseGroup","value":"^(iNTENSO)$","required":false},{"id":"ivy-13","name":"iVy","type":"releaseGroup","value":"^(iVy)$","required":false},{"id":"jff-14","name":"JFF","type":"releaseGroup","value":"^(JFF)$","required":false},{"id":"kc-15","name":"KC","type":"releaseGroup","value":"^(KC)$","required":false},{"id":"megusta-16","name":"MeGusta","type":"releaseGroup","value":"^(MeGusta)$","required":false},{"id":"nhanc3-17","name":"nhanc3","type":"releaseGroup","value":"^(nhanc3)$","required":false},{"id":"oft-18","name":"OFT","type":"releaseGroup","value":"^(OFT)$","required":false},{"id":"pahe-19","name":"Pahe","type":"releaseGroup","value":"Pahe(\\.(ph|in))?\\b","required":false},{"id":"psa-20","name":"PSA","type":"releaseGroup","value":"^(PSA)$","required":false},{"id":"sasukeduck-21","name":"SasukeducK","type":"releaseGroup","value":"^(SasukeducK)$","required":false},{"id":"shd-22","name":"SHD","type":"releaseGroup","value":"^(SHD)$","required":false},{"id":"shieldbearer-23","name":"ShieldBearer","type":"releaseGroup","value":"^(ShieldBearer)$","required":false},{"id":"tbs-24","name":"TBS","type":"releaseGroup","value":"^(TBS)$","required":false},{"id":"tg-25","name":"TG","type":"releaseGroup","value":"^(TG)$","required":false},{"id":"videohole-26","name":"VIDEOHOLE","type":"releaseGroup","value":"^(VIDEOHOLE)$","required":false},{"id":"worldmkv-27","name":"worldmkv","type":"releaseGroup","value":"^(worldmkv)$","required":false},{"id":"xlf-28","name":"XLF","type":"releaseGroup","value":"^(XLF)$","required":false},{"id":"zero00-29","name":"Zero00","type":"releaseGroup","value":"^(Zero00)$","required":false}]'::jsonb, '[]'::jsonb),
    ('e2315f990da2e2cbfc9fa5b7a6fcfe48', 'LQ (Release Title)', '[{"id":"ben-the-men-0","name":"BEN THE MEN","type":"releaseTitle","value":"\\b(BEN[ ._-]THE[ ._-]MEN)\\b","required":false},{"id":"bitor-2160p-1","name":"BiTOR (2160p)","type":"releaseTitle","value":"(?=.*?(\\b2160p\\b))(?=.*?(\\bBiTOR\\b))","required":false},{"id":"creative24-2","name":"CREATiVE24","type":"releaseTitle","value":"\\b(CREATiVE24)\\b","required":false},{"id":"feranki1980-3","name":"Feranki1980","type":"releaseTitle","value":"\\b(Feranki1980)\\b","required":false},{"id":"r-h-4","name":"R&H","type":"releaseTitle","value":"\\b(R&H)\\b","required":false},{"id":"teewee-5","name":"TeeWee","type":"releaseTitle","value":"\\b(TeeWee)\\b","required":false}]'::jsonb, '[]'::jsonb),
    ('e1a997ddb54e3ecbfe06341ad323c458', 'Obfuscated', '[{"id":"4p-0","name":"4P","type":"releaseTitle","value":"-4P\\b","required":false},{"id":"4planet-1","name":"4Planet","type":"releaseTitle","value":"-4Planet\\b","required":false},{"id":"asrequested-2","name":"AsRequested","type":"releaseTitle","value":"-AsRequested\\b","required":false},{"id":"buymore-3","name":"BUYMORE","type":"releaseTitle","value":"-BUYMORE\\b","required":false},{"id":"chamele0n-4","name":"Chamele0n","type":"releaseTitle","value":"-Chamele0n\\b","required":false},{"id":"gerov-5","name":"GEROV","type":"releaseTitle","value":"-GEROV\\b","required":false},{"id":"inc0gnito-6","name":"iNC0GNiTO","type":"releaseTitle","value":"-iNC0GNiTO\\b","required":false},{"id":"nzbgeek-7","name":"NZBGeek","type":"releaseTitle","value":"-NZBGeek\\b","required":false},{"id":"obfuscated-8","name":"Obfuscated","type":"releaseTitle","value":"-Obfuscated\\b","required":false},{"id":"postbot-9","name":"postbot","type":"releaseTitle","value":"-postbot\\b","required":false},{"id":"rakuv-10","name":"Rakuv","type":"releaseTitle","value":"-Rakuv\\b","required":false},{"id":"scrambled-11","name":"Scrambled","type":"releaseTitle","value":"(?<=\\bS\\d+\\b).*(Scrambled)\\b","required":false},{"id":"whiterev-12","name":"WhiteRev","type":"releaseTitle","value":"-WhiteRev\\b","required":false},{"id":"xpost-13","name":"xpost","type":"releaseTitle","value":"-xpost\\b","required":false},{"id":"wrteam-14","name":"WRTEAM","type":"releaseTitle","value":"-WRTEAM\\b","required":false},{"id":"captcha-15","name":"CAPTCHA","type":"releaseTitle","value":"-CAPTCHA\\b","required":false},{"id":"nzb-16","name":"_nzb","type":"releaseTitle","value":"_nzb\\b","required":false}]'::jsonb, '[]'::jsonb),
    ('1656adc6d7bb2c8cca6acfb6592db421', 'PCOK', '[{"id":"peacock-tv-0","name":"Peacock TV","type":"releaseTitle","value":"\\b(pcok|Peacock TV)\\b","required":true},{"id":"webdl-1","name":"WEBDL","type":"source","value":"WEBDL","required":false},{"id":"webrip-2","name":"WEBRIP","type":"source","value":"WEBRIP","required":false}]'::jsonb, '[]'::jsonb),
    ('c67a75ae4a1715f2bb4d492755ba4195', 'PMTP', '[{"id":"paramount-0","name":"Paramount+","type":"releaseTitle","value":"\\b(pmtp|Paramount\\+)\\b","required":true},{"id":"webdl-1","name":"WEBDL","type":"source","value":"WEBDL","required":false},{"id":"webrip-2","name":"WEBRIP","type":"source","value":"WEBRIP","required":false}]'::jsonb, '[]'::jsonb),
    ('9965a052eb87b0d10313b1cea89eb451', 'Remux Tier 01', '[{"id":"remux-0","name":"Remux","type":"source","value":"7","required":true},{"id":"bluranium-1","name":"BLURANiUM","type":"releaseGroup","value":"^(BLURANiUM)$","required":false},{"id":"bmf-2","name":"BMF","type":"releaseGroup","value":"^(BMF)$","required":false},{"id":"framestor-3","name":"FraMeSToR","type":"releaseGroup","value":"^(FraMeSToR)$","required":false},{"id":"pmp-4","name":"PmP","type":"releaseGroup","value":"^(PmP)$","required":false}]'::jsonb, '[]'::jsonb),
    ('8a1d0c3d7497e741736761a1da866a2e', 'Remux Tier 02', '[{"id":"remux-0","name":"Remux","type":"source","value":"7","required":true},{"id":"12gaugeshotgun-1","name":"12GaugeShotgun","type":"releaseGroup","value":"^(12GaugeShotgun)$","required":false},{"id":"decibel-2","name":"decibeL","type":"releaseGroup","value":"^(decibeL)$","required":false},{"id":"epsilon-3","name":"EPSiLON","type":"releaseGroup","value":"^(EPSiLON)$","required":false},{"id":"hifi-4","name":"HiFi","type":"releaseGroup","value":"^(HiFi)$","required":false},{"id":"kralimarko-5","name":"KRaLiMaRKo","type":"releaseGroup","value":"^(KRaLiMaRKo)$","required":false},{"id":"playbd-6","name":"playBD","type":"releaseGroup","value":"^(playBD)$","required":false},{"id":"pter-7","name":"PTer","type":"releaseGroup","value":"^(PTer)$","required":false},{"id":"sicfoi-8","name":"SiCFoI","type":"releaseGroup","value":"^(SiCFoI)$","required":false},{"id":"triton-9","name":"TRiToN","type":"releaseGroup","value":"^(TRiToN)$","required":false}]'::jsonb, '[]'::jsonb),
    ('06d66ab109d4d2eddb2794d21526d140', 'Retags', '[{"id":"heb-0","name":".heb","type":"releaseTitle","value":"[.]heb\\b","required":false},{"id":"eztv-1","name":"[eztv]","type":"releaseTitle","value":"\\[eztvx?[ ._-]?(io|re|to)?\\]","required":false},{"id":"rarbg-2","name":"[rarbg]","type":"releaseTitle","value":"\\[rarbg\\]","required":false},{"id":"rartv-3","name":"[rartv]","type":"releaseTitle","value":"\\[rartv\\]","required":false},{"id":"tgx-4","name":"[TGx]","type":"releaseTitle","value":"\\[TGx\\]","required":false}]'::jsonb, '[]'::jsonb),
    ('1b3994c551cbb92a2c781af061f4ab44', 'Scene', '[{"id":"scene-groups-naming-0","name":"Scene Groups + Naming","type":"releaseTitle","value":"^(?=.*(\\b\\d{3,4}p\\b).*([_. ]WEB[_. ])(?!DL)\\b)|\\b(-CAKES|-GGEZ|-GGWP|-GLHF|-GOSSIP|-NAISU|-KOGI|-PECULATE|-SLOT|-EDITH|-ETHEL|-ELEANOR|-B2B|-SPAMnEGGS|-FTP|-DiRT|-SYNCOPY|-BAE|-SuccessfulCrab|-NHTFS|-SURCODE|-B0MBARDIERS|-D3US|-BROTHERHOOD|-W4K|-STRiKES)","required":true}]'::jsonb, '[{"id":"not-inflate-deflate-1","name":"Not INFLATE/DEFLATE","type":"releaseTitle","value":"\\b(INFLATE|DEFLATE[)\\]]?)$","required":true},{"id":"not-german-2","name":"Not GERMAN","type":"releaseTitle","value":"\\b(GERMAN)$","required":true}]'::jsonb),
    ('83304f261cf516bb208c18c54c0adf97', 'SDR (no WEBDL)', '[{"id":"2160p-0","name":"2160p","type":"resolution","value":"2160","required":true},{"id":"sdr-2","name":"SDR","type":"releaseTitle","value":"\\bSDR\\b","required":false}]'::jsonb, '[{"id":"hdr-formats-1","name":"HDR Formats","type":"releaseTitle","value":"\\bHDR(\\b|\\d)|\\b(dv|dovi|dolby[ .]?v(ision)?)\\b|\\b(FraMeSToR|HQMUX|SICFoI)\\b|\\b(PQ)\\b|\\bHLG(\\b|\\d)","required":false},{"id":"not-webdl-3","name":"Not WEBDL","type":"source","value":"WEBDL","required":true},{"id":"not-webrip-4","name":"Not WEBRip","type":"source","value":"WEBRIP","required":true}]'::jsonb),
    ('1808e4b9cee74e064dfae3f1db99dbfe', 'TrueHD', '[{"id":"truehd-0","name":"TrueHD","type":"releaseTitle","value":"True[ .-]?HD","required":true}]'::jsonb, '[{"id":"atmos-1","name":"ATMOS","type":"releaseTitle","value":"\\bATMOS(\\b|\\d)","required":true},{"id":"not-dolby-digital-plus-2","name":"Not Dolby Digital Plus","type":"releaseTitle","value":"\\bDD[P+]|\\b(e[-_. ]?ac-?3)\\b","required":true},{"id":"not-dts-3","name":"Not DTS","type":"releaseTitle","value":"\\bDTS(\\b|\\d)","required":true},{"id":"not-flac-4","name":"Not FLAC","type":"releaseTitle","value":"\\bFLAC(\\b|\\d)","required":true},{"id":"not-basic-dolby-digital-5","name":"Not Basic Dolby Digital","type":"releaseTitle","value":"\\bDD[^a-z+]|(?<!e-)\\b(ac-?3)\\b","required":true}]'::jsonb),
    ('0d7824bb924701997f874e7ff7d4844a', 'TrueHD ATMOS', '[{"id":"truehd-0","name":"TrueHD","type":"releaseTitle","value":"True[ .-]?HD","required":true},{"id":"atmos-1","name":"ATMOS","type":"releaseTitle","value":"\\bATMOS(\\b|\\d)","required":true}]'::jsonb, '[{"id":"not-basic-dolby-digital-2","name":"Not Basic Dolby Digital","type":"releaseTitle","value":"\\bDD[^a-z+]|(?<!e-)\\b(ac-?3)\\b","required":true},{"id":"not-dolby-digital-plus-3","name":"Not Dolby Digital Plus ","type":"releaseTitle","value":"\\bDD[P+]|\\b(e[-_. ]?ac-?3)\\b","required":true},{"id":"not-dts-4","name":"Not DTS","type":"releaseTitle","value":"\\bDTS(\\b|\\d)","required":true},{"id":"not-dts-x-5","name":"Not DTS X","type":"releaseTitle","value":"\\b(dts[-_.: ]?x7?)\\b(?![-_. ]?(26[456]))","required":true},{"id":"not-flac-6","name":"Not FLAC","type":"releaseTitle","value":"\\bFLAC(\\b|\\d)","required":true}]'::jsonb),
    ('23297a736ca77c0fc8e70f8edd7ee56c', 'Upscaled', '[{"id":"ai-upscales-0","name":"AI Upscales","type":"releaseTitle","value":"(?<=\\b\\d{3,4}p\\b)(?=.*\\b(HEVC)\\b)(?=.*\\b(AI)\\b)","required":false},{"id":"aius-1","name":"AIUS","type":"releaseTitle","value":"\\b(AIUS)\\b","required":false},{"id":"regrade-2","name":"Regrade","type":"releaseTitle","value":"\\b((Upscale)?Re-?graded?)\\b","required":false},{"id":"rw-3","name":"RW","type":"releaseTitle","value":"\\b(RW)\\b","required":false},{"id":"theupscaler-4","name":"TheUpscaler","type":"releaseTitle","value":"\\b(The[ ._-]?Upscaler)\\b","required":false},{"id":"upscaled-5","name":"Upscaled","type":"releaseTitle","value":"(?<=\\b\\d{3,4}p\\b).*\\b(AI[ ._-]?Enhanced?|UPS(UHD)?|Upscaled?([ ._-]?UHD)?|UpRez)\\b","required":false}]'::jsonb, '[]'::jsonb),
    ('44a8ee6403071dd7b8a3a8dd3fe8cb20', 'VRV', '[{"id":"vrv-0","name":"VRV","type":"releaseTitle","value":"\\b(VRV)\\b","required":true},{"id":"webdl-1","name":"WEBDL","type":"source","value":"WEBDL","required":false},{"id":"webrip-2","name":"WEBRIP","type":"source","value":"WEBRIP","required":false},{"id":"web-3","name":"WEB","type":"source","value":"TELEVISION","required":false}]'::jsonb, '[]'::jsonb),
    ('e6258996055b9fbab7e9cb2f75819294', 'WEB Tier 01', '[{"id":"abbie-0","name":"ABBiE","type":"releaseGroup","value":"^(ABBiE)$","required":false},{"id":"ajp69-1","name":"AJP69","type":"releaseGroup","value":"^(AJP69)$","required":false},{"id":"apex-2","name":"APEX","type":"releaseGroup","value":"^(APEX|PAXA|PEXA|XEPA)$","required":false},{"id":"casstudio-3","name":"CasStudio","type":"releaseGroup","value":"^(CasStudio)$","required":false},{"id":"crfw-4","name":"CRFW","type":"releaseGroup","value":"^(CRFW)$","required":false},{"id":"ctrlhd-5","name":"CtrlHD","type":"releaseGroup","value":"^(CtrlHD)$","required":false},{"id":"flux-6","name":"FLUX","type":"releaseGroup","value":"^(FLUX)$","required":false},{"id":"hone-7","name":"HONE","type":"releaseGroup","value":"^(HONE)$","required":false},{"id":"kings-8","name":"KiNGS","type":"releaseGroup","value":"^(KiNGS)$","required":false},{"id":"kitsune-9","name":"Kitsune","type":"releaseGroup","value":"^(Kitsune)$","required":false},{"id":"madsky-10","name":"MADSKY","type":"releaseGroup","value":"^(MADSKY)$","required":false},{"id":"monkee-11","name":"monkee","type":"releaseGroup","value":"^(monkee)$","required":false},{"id":"nosivid-12","name":"NOSiViD","type":"releaseGroup","value":"^(NOSiViD)$","required":false},{"id":"ntb-13","name":"NTb","type":"releaseGroup","value":"^(NTb)$","required":false},{"id":"ntg-14","name":"NTG","type":"releaseGroup","value":"^(NTG)$","required":false},{"id":"qoq-15","name":"QOQ","type":"releaseGroup","value":"^(QOQ)$","required":false},{"id":"rawr-16","name":"RAWR","type":"releaseGroup","value":"^(RAWR)$","required":false},{"id":"rtn-17","name":"RTN","type":"releaseGroup","value":"^(RTN)$","required":false},{"id":"sic-18","name":"SiC","type":"releaseGroup","value":"^(SiC)$","required":false},{"id":"t6d-19","name":"T6D","type":"releaseGroup","value":"^(T6D)$","required":false},{"id":"tommy-20","name":"TOMMY","type":"releaseGroup","value":"^(TOMMY)$","required":false},{"id":"visum-21","name":"ViSUM","type":"releaseGroup","value":"^(ViSUM)$","required":false},{"id":"webdl-22","name":"WEBDL","type":"source","value":"WEBDL","required":false},{"id":"webrip-23","name":"WEBRIP","type":"source","value":"WEBRIP","required":false}]'::jsonb, '[]'::jsonb),
    ('58790d4e2fdcd9733aa7ae68ba2bb503', 'WEB Tier 02', '[{"id":"3ctweb-0","name":"3cTWeB","type":"releaseGroup","value":"^(3cTWeB)$","required":false},{"id":"blutonium-1","name":"BLUTONiUM","type":"releaseGroup","value":"^(BLUTONiUM)$","required":false},{"id":"btw-2","name":"BTW","type":"releaseGroup","value":"^(BTW)$","required":false},{"id":"byndr-3","name":"BYNDR","type":"releaseGroup","value":"^(BYNDR)$","required":false},{"id":"chotab-4","name":"Chotab","type":"releaseGroup","value":"^(Chotab)$","required":false},{"id":"cinefeel-5","name":"Cinefeel","type":"releaseGroup","value":"^(Cinefeel)$","required":false},{"id":"cit-6","name":"CiT","type":"releaseGroup","value":"^(CiT)$","required":false},{"id":"cmrg-7","name":"CMRG","type":"releaseGroup","value":"^(CMRG)$","required":false},{"id":"coo7-8","name":"Coo7","type":"releaseGroup","value":"^(Coo7)$","required":false},{"id":"db-9","name":"dB","type":"releaseGroup","value":"^(dB)$","required":false},{"id":"deep-10","name":"DEEP","type":"releaseGroup","value":"^(DEEP)$","required":false},{"id":"end-11","name":"END","type":"releaseGroup","value":"^(END)$","required":false},{"id":"ethics-12","name":"ETHiCS","type":"releaseGroup","value":"^(ETHiCS)$","required":false},{"id":"fc-13","name":"FC","type":"releaseGroup","value":"^(FC)$","required":false},{"id":"flights-14","name":"Flights","type":"releaseGroup","value":"^(Flights)$","required":false},{"id":"gnome-15","name":"GNOME","type":"releaseGroup","value":"^(GNOME)$","required":false},{"id":"ijp-16","name":"iJP","type":"releaseGroup","value":"^(iJP)$","required":false},{"id":"ika-17","name":"iKA","type":"releaseGroup","value":"^(iKA)$","required":false},{"id":"it00nz-18","name":"iT00NZ","type":"releaseGroup","value":"^(iT00NZ)$","required":false},{"id":"jetix-19","name":"JETIX","type":"releaseGroup","value":"^(JETIX)$","required":false},{"id":"khn-20","name":"KHN","type":"releaseGroup","value":"^(KHN)$","required":false},{"id":"kimchi-21","name":"KiMCHI","type":"releaseGroup","value":"^(KiMCHI)$","required":false},{"id":"lazy-22","name":"LAZY","type":"releaseGroup","value":"^(LAZY)$","required":false},{"id":"miu-23","name":"MiU","type":"releaseGroup","value":"^(MiU)$","required":false},{"id":"mzabi-24","name":"MZABI","type":"releaseGroup","value":"^(MZABI)$","required":false},{"id":"npms-25","name":"NPMS","type":"releaseGroup","value":"^(NPMS)$","required":false},{"id":"nyh-26","name":"NYH","type":"releaseGroup","value":"^(NYH)$","required":false},{"id":"orbitron-27","name":"orbitron","type":"releaseGroup","value":"^(orbitron)$","required":false},{"id":"phoenix-28","name":"PHOENiX","type":"releaseGroup","value":"^(PHOENiX)$","required":false},{"id":"playweb-29","name":"playWEB","type":"releaseGroup","value":"^(playWEB)$","required":false},{"id":"psig-30","name":"PSiG","type":"releaseGroup","value":"^(PSiG)$","required":false},{"id":"roccat-31","name":"ROCCaT","type":"releaseGroup","value":"^(ROCCaT)$","required":false},{"id":"rtfm-32","name":"RTFM","type":"releaseGroup","value":"^(RTFM)$","required":false},{"id":"sa89-33","name":"SA89","type":"releaseGroup","value":"^(SA89)$","required":false},{"id":"sbr-34","name":"SbR","type":"releaseGroup","value":"^(SbR)$","required":false},{"id":"sdcc-35","name":"SDCC","type":"releaseGroup","value":"^(SDCC)$","required":false},{"id":"sigma-36","name":"SIGMA","type":"releaseGroup","value":"^(SIGMA)$","required":false},{"id":"smurf-37","name":"SMURF","type":"releaseGroup","value":"^(SMURF)$","required":false},{"id":"spirit-38","name":"SPiRiT","type":"releaseGroup","value":"^(SPiRiT)$","required":false},{"id":"tepes-39","name":"TEPES","type":"releaseGroup","value":"^(TEPES)$","required":false},{"id":"tvsmash-40","name":"TVSmash","type":"releaseGroup","value":"^(TVSmash)$","required":false},{"id":"welp-41","name":"WELP","type":"releaseGroup","value":"^(WELP)$","required":false},{"id":"xebec-42","name":"XEBEC","type":"releaseGroup","value":"^(XEBEC|4KBEC|CEBEX)$","required":false},{"id":"webdl-43","name":"WEBDL","type":"source","value":"WEBDL","required":false},{"id":"webrip-44","name":"WEBRIP","type":"source","value":"WEBRIP","required":false}]'::jsonb, '[]'::jsonb),
    ('d84935abd3f8556dcd51d4f27e22d0a6', 'WEB Tier 03', '[{"id":"bloom-0","name":"BLOOM","type":"releaseGroup","value":"^(BLOOM)$","required":false},{"id":"dooky-1","name":"Dooky","type":"releaseGroup","value":"^(Dooky)$","required":false},{"id":"dracula-2","name":"DRACULA","type":"releaseGroup","value":"^(DRACULA)$","required":false},{"id":"hhweb-3","name":"HHWEB","type":"releaseGroup","value":"^(HHWEB)$","required":false},{"id":"ninjacentral-4","name":"NINJACENTRAL","type":"releaseGroup","value":"^(NINJACENTRAL)$","required":false},{"id":"slignome-5","name":"SLiGNOME","type":"releaseGroup","value":"^(SLiGNOME)$","required":false},{"id":"swaglander-6","name":"SwAgLaNdEr","type":"releaseGroup","value":"^(SwAgLaNdEr)$","required":false},{"id":"t4h-7","name":"T4H","type":"releaseGroup","value":"^(T4H)$","required":false},{"id":"vision-8","name":"ViSiON","type":"releaseGroup","value":"^(ViSiON)$","required":false},{"id":"webdl-9","name":"WEBDL","type":"source","value":"WEBDL","required":false},{"id":"webrip-10","name":"WEBRIP","type":"source","value":"WEBRIP","required":false}]'::jsonb, '[]'::jsonb),
    ('cddfb4e32db826151d97352b8e37c648', 'x264', '[{"id":"x-h264-0","name":"x|h264","type":"releaseTitle","value":"[xh][ ._-]?264|\\bAVC(\\b|\\d)","required":true}]'::jsonb, '[{"id":"not-remux-1","name":"Not Remux","type":"source","value":"7","required":true}]'::jsonb),
    ('c9eafd50846d299b862ca9bb6ea91950', 'x265', '[{"id":"x-h265-0","name":"x|h265","type":"releaseTitle","value":"[xh][ ._-]?265|\\bHEVC(\\b|\\d)","required":true}]'::jsonb, '[{"id":"not-remux-1","name":"Not Remux","type":"source","value":"7","required":true}]'::jsonb),
    ('041d90b435ebd773271cea047a457a6a', 'x266', '[{"id":"x-h266-0","name":"x|h266","type":"releaseTitle","value":"[xh][ ._-]?266|\\bVVC(\\b|\\d)","required":true}]'::jsonb, '[{"id":"not-remux-1","name":"Not Remux","type":"source","value":"7","required":true}]'::jsonb),
    ('957d0f44b592285f26449575e8b1167e', 'Special Edition', '[{"id":"special-edition-0","name":"Special Edition","type":"releaseTitle","value":"(?<!^)\\b(extended|uncut|directors|special|unrated|uncensored|cut|version|(?<!{)edition)(\\b|\\d)","required":true}]'::jsonb, '[{"id":"not-imax-edition-1","name":"Not IMAX Edition","type":"releaseTitle","value":"\\b(IMAX[ ._-]Edition)\\b","required":true},{"id":"not-open-matte-2","name":"Not Open Matte","type":"releaseTitle","value":"\\b(Open[ ._-]?Matte)\\b","required":true},{"id":"not-theatrical-3","name":"Not Theatrical","type":"releaseTitle","value":"Theatrical","required":true},{"id":"not-extended-clip-4","name":"Not Extended Clip","type":"releaseTitle","value":"\\b(Extended[ ._-]Clip)\\b","required":true}]'::jsonb),
    ('c2863d2a50c9acad1fb50e53ece60817', 'STAN', '[{"id":"stan-0","name":"Stan","type":"releaseTitle","value":"\\b(stan)\\b[ ._-]web[ ._-]?(dl|rip)?\\b","required":false},{"id":"stan-rename-1","name":"Stan Rename","type":"releaseTitle","value":"\\[(STAN)\\b|\\b(STAN)\\]","required":false},{"id":"webdl-2","name":"WEBDL","type":"source","value":"WEBDL","required":false},{"id":"webrip-3","name":"WEBRIP","type":"source","value":"WEBRIP","required":false}]'::jsonb, '[]'::jsonb),
    ('ab56ccdc473a1f2897c76187ea365be2', 'STRP', '[{"id":"star-0","name":"Star+","type":"releaseTitle","value":"\\b(STRP)\\b","required":true},{"id":"webdl-1","name":"WEBDL","type":"source","value":"WEBDL","required":false},{"id":"webrip-2","name":"WEBRIP","type":"source","value":"WEBRIP","required":false}]'::jsonb, '[]'::jsonb),
    ('9623c5c9cac8e939c1b9aedd32f640bf', 'SYFY', '[{"id":"webdl-0","name":"WEBDL","type":"source","value":"WEBDL","required":false},{"id":"webrip-1","name":"WEBRIP","type":"source","value":"WEBRIP","required":false},{"id":"syfy-2","name":"SYFY","type":"releaseTitle","value":"\\b(SYFY)\\b","required":true}]'::jsonb, '[]'::jsonb),
    ('e9001909a4c88013a359d0b9920d7bea', 'Theatrical Cut', '[{"id":"theatrical-0","name":"Theatrical","type":"releaseTitle","value":"Theatrical","required":true}]'::jsonb, '[]'::jsonb),
    ('d66d26d37c32b0137cd26f42abaa7c2e', 'TheFarm', '[{"id":"thefarm-0","name":"TheFarm","type":"releaseGroup","value":"^(TheFarm)$","required":true}]'::jsonb, '[]'::jsonb),
    ('f1b0bae9bc222dab32c1b38b5a7a1088', 'TVer', '[{"id":"tver-0","name":"TVer","type":"releaseTitle","value":"\\b(tver)\\b","required":true},{"id":"webdl-1","name":"WEBDL","type":"source","value":"WEBDL","required":false},{"id":"webrip-2","name":"WEBRIP","type":"source","value":"WEBRIP","required":false}]'::jsonb, '[]'::jsonb),
    ('26df36e3d2a96de2f8b7166ae37d3c33', 'TVING', '[{"id":"tving-0","name":"TVING","type":"releaseTitle","value":"\\b(tving)\\b[ ._-]web[ ._-]?(dl|rip)?\\b","required":false},{"id":"tving-rename-1","name":"TVING Rename","type":"releaseTitle","value":"\\[(TVING)\\b|\\b(TVING)\\]","required":false},{"id":"webdl-2","name":"WEBDL","type":"source","value":"WEBDL","required":false},{"id":"webrip-3","name":"WEBRIP","type":"source","value":"WEBRIP","required":false}]'::jsonb, '[]'::jsonb),
    ('279bda7434fd9075786de274e6c3c202', 'U-NEXT', '[{"id":"u-next-0","name":"U-NEXT","type":"releaseTitle","value":"\\b(u-next)\\b","required":true},{"id":"webdl-1","name":"WEBDL","type":"source","value":"WEBDL","required":false},{"id":"webrip-2","name":"WEBRIP","type":"source","value":"WEBRIP","required":false}]'::jsonb, '[]'::jsonb),
    ('4d74ac4c4db0b64bff6ce0cffef99bf0', 'UHD Bluray Tier 01', '[{"id":"2160p-3","name":"2160p","type":"resolution","value":"2160","required":true},{"id":"ctrlhd-4","name":"CtrlHD","type":"releaseGroup","value":"^(CtrlHD)$","required":false},{"id":"mainframe-5","name":"MainFrame","type":"releaseGroup","value":"^(MainFrame)$","required":false},{"id":"don-6","name":"DON","type":"releaseGroup","value":"^(DON)$","required":false},{"id":"w4nk3r-7","name":"W4NK3R","type":"releaseGroup","value":"^(W4NK3R)$","required":false}]'::jsonb, '[{"id":"not-remux-0","name":"Not REMUX","type":"quality","value":"REMUX","required":true},{"id":"not-webdl-1","name":"Not WEBDL","type":"source","value":"WEBDL","required":true},{"id":"not-webrip-2","name":"Not WEBRIP","type":"source","value":"WEBRIP","required":true}]'::jsonb),
    ('a58f517a70193f8e578056642178419d', 'UHD Bluray Tier 02', '[{"id":"2160p-3","name":"2160p","type":"resolution","value":"2160","required":true},{"id":"hqmux-4","name":"HQMUX","type":"releaseGroup","value":"^(HQMUX)$","required":false}]'::jsonb, '[{"id":"not-remux-0","name":"Not REMUX","type":"quality","value":"REMUX","required":true},{"id":"not-webdl-1","name":"Not WEBDL","type":"source","value":"WEBDL","required":true},{"id":"not-webrip-2","name":"Not WEBRIP","type":"source","value":"WEBRIP","required":true}]'::jsonb),
    ('e71939fae578037e7aed3ee219bbe7c1', 'UHD Bluray Tier 03', '[{"id":"2160p-3","name":"2160p","type":"resolution","value":"2160","required":true},{"id":"bhdstudio-4","name":"BHDStudio","type":"releaseGroup","value":"^(BHDStudio)$","required":false},{"id":"hallowed-5","name":"hallowed","type":"releaseGroup","value":"^(hallowed)$","required":false},{"id":"hone-6","name":"HONE","type":"releaseGroup","value":"^(HONE)$","required":false},{"id":"pter-7","name":"PTer","type":"releaseGroup","value":"^(PTer)$","required":false},{"id":"sphd-8","name":"SPHD","type":"releaseGroup","value":"^(SPHD)$","required":false},{"id":"webdv-9","name":"WEBDV","type":"releaseGroup","value":"^(WEBDV)$","required":false}]'::jsonb, '[{"id":"not-remux-0","name":"Not REMUX","type":"quality","value":"REMUX","required":true},{"id":"not-webdl-1","name":"Not WEBDL","type":"source","value":"WEBDL","required":true},{"id":"not-webrip-2","name":"Not WEBRIP","type":"source","value":"WEBRIP","required":true}]'::jsonb),
    ('43b3cf48cb385cd3eac608ee6bca7f09', 'UHD Streaming Boost', '[{"id":"disney-0","name":"Disney+","type":"releaseTitle","value":"\\b(dsnp|dsny|disney|Disney\\+)\\b","required":false},{"id":"hbo-max-1","name":"HBO Max","type":"releaseTitle","value":"\\b(hmax|hbom|hbo[ ._-]?max)\\b(?=[ ._-]web[ ._-]?(dl|rip)\\b)","required":false},{"id":"hmax-rename-2","name":"HMAX Rename","type":"releaseTitle","value":"\\[(HMAX)\\b|\\b(HMAX)\\]","required":false},{"id":"netflix-3","name":"Netflix","type":"releaseTitle","value":"\\b(nf|netflix(u?hd)?)\\b","required":false},{"id":"webdl-4","name":"WEBDL","type":"source","value":"WEBDL","required":false},{"id":"webrip-5","name":"WEBRIP","type":"source","value":"WEBRIP","required":false},{"id":"2160p-6","name":"2160p","type":"resolution","value":"2160","required":true}]'::jsonb, '[]'::jsonb),
    ('064af5f084a0a24458cc8ecd3220f93f', 'Uncensored', '[{"id":"uncensored-0","name":"Uncensored","type":"releaseTitle","value":"\\b(Uncut|Unrated|Uncensored|AT[-_. ]?X)\\b","required":true}]'::jsonb, '[]'::jsonb),
    ('c259005cbaeb5ab44c06eddb4751e70c', 'v0', '[{"id":"v0-0","name":"v0","type":"releaseTitle","value":"(\\b|\\d)(v0)\\b","required":true}]'::jsonb, '[]'::jsonb),
    ('5f400539421b8fcf71d51e6384434573', 'v1', '[{"id":"v1-0","name":"v1","type":"releaseTitle","value":"(\\b|\\d)(v1)\\b","required":true}]'::jsonb, '[]'::jsonb),
    ('3df5e6dfef4b09bb6002f732bed5b774', 'v2', '[{"id":"v2-0","name":"v2","type":"releaseTitle","value":"(\\b|\\d)(v2)\\b|\\b(Repack|Proper|Rerip)\\b","required":true}]'::jsonb, '[{"id":"not-higher-versions-1","name":"Not Higher Versions","type":"releaseTitle","value":"(\\b|\\d)(v[3-4])\\b|\\b((repack|proper)[23])\\b|\\bREAL\\.(REAL\\.)?(PROPER|REPACK)\\b","required":true}]'::jsonb),
    ('db92c27ba606996b146b57fbe6d09186', 'v3', '[{"id":"v3-0","name":"v3","type":"releaseTitle","value":"(\\b|\\d)(v3)\\b|\\b((repack|proper)2)\\b|\\b(REAL\\.(PROPER|REPACK))\\b","required":true}]'::jsonb, '[{"id":"not-higher-versions-1","name":"Not Higher Versions","type":"releaseTitle","value":"(\\b|\\d)(v[4])\\b|\\b((repack|proper)3)\\b|\\bREAL\\.(REAL\\.)(PROPER|REPACK)\\b","required":true}]'::jsonb),
    ('d4e5e842fad129a3c097bdb2d20d31a0', 'v4', '[{"id":"v4-0","name":"v4","type":"releaseTitle","value":"(\\b|\\d)(v4)\\b|\\b((repack|proper)3)\\b|\\b(REAL\\.REAL\\.(PROPER|REPACK))\\b","required":true}]'::jsonb, '[]'::jsonb),
    ('11cd1db7165d6a7ad9a83bc97b8b1060', 'VC-1', '[{"id":"vc-1-0","name":"VC-1","type":"releaseTitle","value":"\\bVC[-_. ]?1\\b","required":true}]'::jsonb, '[]'::jsonb),
    ('996e8ce50025e8b1e8fa95fcb28c4e5a', 'VDL', '[{"id":"videoland-0","name":"Videoland","type":"releaseTitle","value":"\\b(vdl|Videoland)\\b","required":true},{"id":"webdl-1","name":"WEBDL","type":"source","value":"WEBDL","required":false},{"id":"webrip-2","name":"WEBRIP","type":"source","value":"WEBRIP","required":false}]'::jsonb, '[]'::jsonb),
    ('29b5f7b1a5f20f64228786c3ab1bdc7d', 'VF2', '[{"id":"vf2-0","name":"VF2","type":"releaseTitle","value":"\\b(VF2)\\b","required":false},{"id":"both-vff-and-vfq-1","name":"Both VFF and VFQ","type":"releaseTitle","value":"\\b(VF(F|Q)[ .]VF(F|Q))\\b","required":false}]'::jsonb, '[]'::jsonb),
    ('b3fb499641d7b3c2006be1d9eb014cb3', 'VFB', '[{"id":"belgian-french-0","name":"Belgian French","type":"releaseTitle","value":"\\b(VFB)\\b","required":true}]'::jsonb, '[]'::jsonb),
    ('404c08fd0bd67f39b4d8e5709319094e', 'VFF', '[{"id":"truefrench-0","name":"TRUEFRENCH","type":"releaseTitle","value":"\\b(TRUEFRENCH|VFF)\\b","required":true}]'::jsonb, '[{"id":"not-vf2-1","name":"Not VF2","type":"releaseTitle","value":"\\b(VF2|(VF(F|Q)[ .]VF(F|Q)))\\b","required":true}]'::jsonb),
    ('52772f1cad6b5d26c2551f79bc538a50', 'VFI', '[{"id":"french-international-0","name":"French International","type":"releaseTitle","value":"\\b(VFI)\\b","required":true}]'::jsonb, '[]'::jsonb),
    ('b6ace47331a1d3b77942fc18156f6df6', 'VFQ', '[{"id":"canadian-french-0","name":"Canadian French","type":"releaseTitle","value":"\\b(VFQ|\\d{3,4}p[ .]CAN?|(?<=MULTi[ .])(FR(A|ENCH)|CAN?))\\b","required":true}]'::jsonb, '[{"id":"not-vf2-1","name":"Not VF2","type":"releaseTitle","value":"\\b(VF2|(VF(F|Q)[ .]VF(F|Q)))\\b","required":true}]'::jsonb),
    ('e1f7cf734899b3cad9bceb342a7c40cb', 'Viki', '[{"id":"viki-0","name":"Viki","type":"releaseTitle","value":"\\b(Viki)\\b","required":true},{"id":"webdl-1","name":"WEBDL","type":"source","value":"WEBDL","required":false},{"id":"webrip-2","name":"WEBRIP","type":"source","value":"WEBRIP","required":false}]'::jsonb, '[]'::jsonb),
    ('db9b4c4b53d312a3ca5f1378f6440fc9', 'Vinegar Syndrome', '[{"id":"vinegar-syndrome-0","name":"Vinegar Syndrome","type":"releaseTitle","value":"\\b(Vinegar[ ._-]Syndrome)\\b","required":false},{"id":"vs-1","name":"VS","type":"releaseTitle","value":"\\b(V-S)\\b","required":false},{"id":"vinsyn-2","name":"VinSyn","type":"releaseTitle","value":"\\b(VinSyn)\\b","required":false}]'::jsonb, '[]'::jsonb),
    ('1b355ff093fd1064b75ea98c616881b1', 'VIU', '[{"id":"viu-0","name":"VIU","type":"releaseTitle","value":"\\b(viu)\\b[ ._-]web[ ._-]?(dl|rip)?\\b","required":false},{"id":"viu-rename-1","name":"VIU Rename","type":"releaseTitle","value":"\\[(VIU)\\b|\\b(VIU)\\]","required":false},{"id":"webdl-2","name":"WEBDL","type":"source","value":"WEBDL","required":false},{"id":"webrip-3","name":"WEBRIP","type":"source","value":"WEBRIP","required":false}]'::jsonb, '[]'::jsonb),
    ('4cafa20d5584f6ba1871d1b8941aa3cb', 'VOF', '[{"id":"french-original-version-0","name":"French Original Version","type":"releaseTitle","value":"\\b(VOF)\\b","required":true}]'::jsonb, '[]'::jsonb),
    ('f7caa1942be5cc547c266bd3dbc2cda9', 'VOQ', '[{"id":"quebec-original-version-0","name":"Quebec Original Version","type":"releaseTitle","value":"\\b(VOQ)\\b","required":true}]'::jsonb, '[]'::jsonb),
    ('9172b2f683f6223e3a1846427b417a3d', 'VOSTFR', '[{"id":"vostfr-0","name":"VOSTFR","type":"releaseTitle","value":"\\b(VOST.*?FR(E|A)?)\\b","required":false},{"id":"subfrench-1","name":"SUBFRENCH","type":"releaseTitle","value":"\\b(SUBFR(A|ENCH)?)\\b","required":false}]'::jsonb, '[]'::jsonb),
    ('ae4cfaa9283a4f2150ac3da08e388723', 'VP9', '[{"id":"vp9-0","name":"VP9","type":"releaseTitle","value":"\\bVP9\\b","required":true}]'::jsonb, '[]'::jsonb),
    ('95aa50f71a01c82354a7a2b385f1c4d8', 'VQ', '[{"id":"version-qu-b-coise-0","name":"Version Québécoise","type":"releaseTitle","value":"\\b(VQ)\\b","required":true}]'::jsonb, '[]'::jsonb),
    ('cb114293d1ab229ca9d52b9f92f93e9b', 'WAVVE', '[{"id":"wavve-0","name":"WAVVE","type":"releaseTitle","value":"\\b(WAVVE)\\b","required":true},{"id":"webdl-1","name":"WEBDL","type":"source","value":"WEBDL","required":false},{"id":"webrip-2","name":"WEBRIP","type":"source","value":"WEBRIP","required":false}]'::jsonb, '[]'::jsonb),
    ('d0c516558625b04b363fa6c5c2c7cfd4', 'WEB Scene', '[{"id":"deflate-0","name":"DEFLATE","type":"releaseGroup","value":"^(DEFLATE)$","required":false},{"id":"inflate-1","name":"INFLATE","type":"releaseGroup","value":"^(INFLATE)$","required":false}]'::jsonb, '[]'::jsonb),
    ('8df7fe4569063d39319f07e69707285a', 'WEBDL Boost', '[{"id":"webdl-0","name":"WEBDL","type":"source","value":"WEBDL","required":false},{"id":"webrip-1","name":"WEBRIP","type":"source","value":"WEBRIP","required":false}]'::jsonb, '[]'::jsonb),
    ('e0ae51a2508ab62ffb1af027f3717486', 'WETV', '[{"id":"wetv-0","name":"WETV","type":"releaseTitle","value":"\\b(WETV)\\b","required":true},{"id":"webdl-1","name":"WEBDL","type":"source","value":"WEBDL","required":false},{"id":"webrip-2","name":"WEBRIP","type":"source","value":"WEBRIP","required":false}]'::jsonb, '[]'::jsonb),
    ('127bdbadcf3e4463a8c707759fbaad75', 'WiTH AD', '[{"id":"audio-description-0","name":"Audio Description","type":"releaseTitle","value":"\\b((FRENCH|MULTi|WiTH|((BA?|A)SL[ ._-]and))[ ._-](AD|Audio[ ._-]Description))\\b","required":true}]'::jsonb, '[]'::jsonb),
    ('09c60ba54fadb511c6986a7edec4da4b', 'WiTH ASL', '[{"id":"american-sign-language-0","name":"American Sign Language","type":"releaseTitle","value":"\\b((WiTH)[ ._-](ASL))\\b","required":true}]'::jsonb, '[]'::jsonb),
    ('41e4baea7b10ddefc6609d52f742dacd', 'WiTH BASL', '[{"id":"black-american-sign-language-0","name":"Black American Sign Language","type":"releaseTitle","value":"\\b(BASL)\\b","required":true}]'::jsonb, '[]'::jsonb),
    ('e205c5ba6be76b472903f4aec97fdb4b', 'WiTH BSL', '[{"id":"british-sign-language-0","name":"British Sign Language","type":"releaseTitle","value":"\\b((WiTH)[ ._-](BSL))\\b","required":true}]'::jsonb, '[]'::jsonb),
    ('e5e6405d439dcd1af90962538acd4fe0', 'WKN', '[{"id":"webdl-0","name":"WEBDL","type":"source","value":"WEBDL","required":false},{"id":"webrip-1","name":"WEBRIP","type":"source","value":"WEBRIP","required":false},{"id":"web-2","name":"WEB","type":"source","value":"TELEVISION","required":false},{"id":"wkn-3","name":"WKN","type":"releaseTitle","value":"\\b(WKN|Waka(nim)?)\\b","required":true}]'::jsonb, '[]'::jsonb),
    ('2051402ee9ca81162017d98cbe1dff2c', 'Wrong Language', '[]'::jsonb, '[{"id":"wrong-language-0","name":"Wrong Language","type":"language","value":"Wrong Language","required":true}]'::jsonb),
    ('dc98083864ea246d05a42df0d05f81cc', 'x265 (HD)', '[{"id":"x265-hevc-0","name":"x265/HEVC","type":"releaseTitle","value":"[xh][ ._-]?265|\\bHEVC(\\b|\\d)","required":true}]'::jsonb, '[{"id":"not-2160p-1","name":"Not 2160p","type":"resolution","value":"2160","required":true}]'::jsonb),
    ('839bea857ed2c0a8e084f3cbdbd65ecb', 'x265 (no HDR/DV)', '[{"id":"x265-hevc-0","name":"x265/HEVC","type":"releaseTitle","value":"[xh][ ._-]?265|\\bHEVC(\\b|\\d)","required":true}]'::jsonb, '[{"id":"not-hdr-dv-1","name":"Not HDR/DV","type":"releaseTitle","value":"\\b(dv|dovi|dolby[ .]?v(ision)?|hdr(10(P(lus)?)?)?|pq)\\b","required":true},{"id":"not-2160p-2","name":"Not 2160p","type":"resolution","value":"2160","required":true}]'::jsonb),
    ('02d24b392bdb901822d95c96e9fa30f1', 'YOUKU', '[{"id":"youku-0","name":"YOUKU","type":"releaseTitle","value":"\\b(YOUKU)\\b","required":true},{"id":"webdl-1","name":"WEBDL","type":"source","value":"WEBDL","required":false},{"id":"webrip-2","name":"WEBRIP","type":"source","value":"WEBRIP","required":false}]'::jsonb, '[]'::jsonb)
on conflict (id) do nothing;

insert into app.media_profile_custom_formats (profile_id, custom_format_id, score)
values
    ('hd-1080p', 'd6819cba26b1a6508138d25fb5e32293', 1800),
    ('hd-1080p', 'c2216b7b8aa545dc1ce8388c618f8d57', 1750),
    ('hd-1080p', '5608c71bcebba0a5e666223bae8c9227', 1700),
    ('hd-1080p', 'c20f169ef63c5f40c2def54abaf4438e', 1700),
    ('hd-1080p', '58790d4e2fdcd9733aa7ae68ba2bb503', 1650),
    ('hd-1080p', 'd84935abd3f8556dcd51d4f27e22d0a6', 1600),
    ('hd-1080p', '3df5e6dfef4b09bb6002f732bed5b774', 5),
    ('hd-1080p', 'db92c27ba606996b146b57fbe6d09186', 6),
    ('hd-1080p', 'd4e5e842fad129a3c097bdb2d20d31a0', 7),
    ('hd-1080p', 'ed38b889b31be83fda192888e2286d83', -10000),
    ('hd-1080p', 'e6886871085226c3da1830830146846c', -10000),
    ('hd-1080p', '90a6f9a284dff5103f6346090e6280c8', -10000),
    ('hd-1080p', 'e2315f990da2e2cbfc9fa5b7a6fcfe48', -10000),
    ('hd-1080p', 'dc98083864ea246d05a42df0d05f81cc', -10000),
    ('hd-1080p', 'cae4ca30163749b891686f95532519bd', -10000),
    ('uhd-4k', '9965a052eb87b0d10313b1cea89eb451', 2000),
    ('uhd-4k', '8a1d0c3d7497e741736761a1da866a2e', 1950),
    ('uhd-4k', '8baaf0b3142bf4d94c42a724f034e27a', 1900),
    ('uhd-4k', '4d74ac4c4db0b64bff6ce0cffef99bf0', 1800),
    ('uhd-4k', 'a58f517a70193f8e578056642178419d', 1750),
    ('uhd-4k', 'e71939fae578037e7aed3ee219bbe7c1', 1700),
    ('uhd-4k', '43b3cf48cb385cd3eac608ee6bca7f09', 1500),
    ('uhd-4k', '493b6d1dbec3c3364c59d7607f7e3405', 1000),
    ('uhd-4k', 'caa37d0df9c348912df1fb1d88f9273a', 500),
    ('uhd-4k', '3df5e6dfef4b09bb6002f732bed5b774', 5),
    ('uhd-4k', 'db92c27ba606996b146b57fbe6d09186', 6),
    ('uhd-4k', 'd4e5e842fad129a3c097bdb2d20d31a0', 7),
    ('uhd-4k', 'ed38b889b31be83fda192888e2286d83', -10000),
    ('uhd-4k', 'e6886871085226c3da1830830146846c', -10000),
    ('uhd-4k', '90a6f9a284dff5103f6346090e6280c8', -10000),
    ('uhd-4k', 'e2315f990da2e2cbfc9fa5b7a6fcfe48', -10000),
    ('uhd-4k', '839bea857ed2c0a8e084f3cbdbd65ecb', -10000),
    ('anime-1080p', '4a3b087eea2ce012fcc1ce319259a3be', 1000),
    ('anime-1080p', 'e0014372773c8f0e1bef8824f00c7dc4', 1700),
    ('anime-1080p', '19180499de5ef2b84b6ec59aae444696', 1650),
    ('anime-1080p', 'c27f2ae6a4e82373b0f1da094e2489ad', 1600),
    ('anime-1080p', '3bc5f395426614e155e585a2f056cdf1', 50),
    ('anime-1080p', 'e0c1a67f23908a55b6ae9834e8ed6727', 10),
    ('anime-1080p', 'b0fdc5897f68c9a68c70c25169f77447', -10000),
    ('anime-1080p', '06b6542a47037d1e33b15aa3677c2365', -500),
    ('anime-1080p', 'cae4ca30163749b891686f95532519bd', -10000)
on conflict (profile_id, custom_format_id) do nothing;
